id,firstname,lastname,email,profession,dateCreated,country,city
100,Andree,Flita,Andree.Flita@gmail.com,worker,8/31/2020,Wallis and Futuna,Nanjing
101,Di,Lauraine,Di.Lauraine@gmail.com,developer,3/20/2021,"Virgin Islands, British",Chennai
102,Cassondra,Cadmar,Cassondra.Cadmar@gmail.com,developer,4/24/2021,United Kingdom,Douglas
103,Marline,Clie,Marline.Clie@gmail.com,doctor,3/30/2020,Hong Kong,Dongguan
104,Lanae,Salvidor,Lanae.Salvidor@gmail.com,doctor,7/18/2022,Greenland,Banjul
105,Christy,Raffo,Christy.Raffo@gmail.com,police officer,10/4/2020,Nicaragua,Canberra
106,Jere,Hoban,Jere.Hoban@gmail.com,firefighter,2/16/2022,Macao,Brasília
107,Nananne,Rooney,Nananne.Rooney@gmail.com,doctor,5/9/2021,Bhutan,Port Hedland
108,Zaria,Bari,Zaria.Bari@gmail.com,police officer,5/27/2022,Turkey,Atlanta
109,Mady,Fillbert,Mady.Fillbert@gmail.com,doctor,6/1/2021,Solomon Islands,Guangzhou
110,Leona,Lutero,Leona.Lutero@gmail.com,worker,1/15/2022,Iraq,Kyoto
111,Justinn,Lymann,Justinn.Lymann@gmail.com,developer,11/19/2020,Georgia,Lomé
112,Quintina,Vivle,Quintina.Vivle@gmail.com,firefighter,5/5/2020,Gabon,Bursa
113,Annabela,Alva,Annabela.Alva@gmail.com,worker,1/11/2020,Antarctica,Iqaluit
114,Lauryn,Bobbee,Lauryn.Bobbee@gmail.com,worker,7/13/2022,Lesotho,Dushanbe
115,Jacenta,Virgin,Jacenta.Virgin@gmail.com,firefighter,5/29/2022,Albania,Nouméa
116,Anallese,Wind,Anallese.Wind@gmail.com,police officer,7/21/2022,Algeria,Padang
117,Belva,Ephrem,Belva.Ephrem@gmail.com,firefighter,7/14/2022,Austria,Berlin
118,Laure,Rolf,Laure.Rolf@gmail.com,developer,11/17/2020,Peru,Yokohama
119,Florencia,Rad,Florencia.Rad@gmail.com,police officer,2/29/2020,Ecuador,Portland
120,Paulita,Rurik,Paulita.Rurik@gmail.com,doctor,9/3/2021,Sao Tome and Principe,Leipzig
121,Paule,Emerson,Paule.Emerson@gmail.com,developer,2/12/2022,United Arab Emirates,Dushanbe
122,Amara,Macey,Amara.Macey@gmail.com,firefighter,1/8/2022,Estonia,Marrakech
123,Libbie,Ailyn,Libbie.Ailyn@gmail.com,firefighter,10/13/2020,Maldives,Norilsk
124,Alisha,Aldric,Alisha.Aldric@gmail.com,police officer,12/5/2020,Venezuela,Macapá
125,Gloria,Prober,Gloria.Prober@gmail.com,police officer,11/29/2021,Svalbard and Jan Mayen,Honolulu
126,Ebonee,Celestine,Ebonee.Celestine@gmail.com,developer,9/13/2020,Cocos (Keeling) Islands,Islamabad
127,Chrystel,Ferino,Chrystel.Ferino@gmail.com,police officer,12/9/2020,Viet Nam,Marrakech
128,Lucy,Tarrant,Lucy.Tarrant@gmail.com,doctor,7/10/2020,Afghanistan,Pyongyang
129,Valera,Pettiford,Valera.Pettiford@gmail.com,doctor,4/26/2022,Latvia,Labasa
130,Nikki,Dorothy,Nikki.Dorothy@gmail.com,worker,1/31/2020,Grenada,Charlotte
131,Mireielle,Brackely,Mireielle.Brackely@gmail.com,worker,8/9/2021,Brunei Darussalam,Las Vegas
132,Averyl,Solitta,Averyl.Solitta@gmail.com,worker,6/25/2021,Christmas Island,Juneau
133,Lila,MacIntosh,Lila.MacIntosh@gmail.com,doctor,1/10/2021,"Korea, Democratic People""S Republic of",Da Nang
134,Joy,Slifka,Joy.Slifka@gmail.com,firefighter,6/3/2020,Saint Pierre and Miquelon,Minsk
135,Valera,Markman,Valera.Markman@gmail.com,worker,8/15/2020,Pitcairn,Port Elizabeth
136,Paola,Travax,Paola.Travax@gmail.com,firefighter,1/23/2021,Yemen,Asmara
137,Joy,Orlene,Joy.Orlene@gmail.com,firefighter,7/20/2021,Niue,Bern
138,Dennie,Remmer,Dennie.Remmer@gmail.com,police officer,5/10/2020,Slovakia,Cincinnati
139,Carree,McAdams,Carree.McAdams@gmail.com,police officer,5/1/2020,Hungary,George Town
140,Fred,Guthrie,Fred.Guthrie@gmail.com,worker,11/23/2020,Liberia,Kuala Lumpur
141,Susette,Kaja,Susette.Kaja@gmail.com,doctor,2/23/2020,Jamaica,Ponta Delgada
142,Desirae,Louanna,Desirae.Louanna@gmail.com,police officer,4/3/2020,Cocos (Keeling) Islands,Ludhiana
143,Arlena,Hollingsworth,Arlena.Hollingsworth@gmail.com,worker,12/30/2021,Wallis and Futuna,Podgorica
144,Lanae,Berne,Lanae.Berne@gmail.com,police officer,10/6/2021,Belgium,Virginia Beach
145,Doro,Braun,Doro.Braun@gmail.com,worker,10/29/2020,New Zealand,Bangalore
146,Sabina,Lorenz,Sabina.Lorenz@gmail.com,worker,8/31/2020,Egypt,London
147,Maurene,Santoro,Maurene.Santoro@gmail.com,firefighter,4/30/2021,Liberia,Frankfurt
148,Brooks,Lucienne,Brooks.Lucienne@gmail.com,developer,8/30/2021,Mongolia,Serekunda
149,Ulrike,Lanita,Ulrike.Lanita@gmail.com,police officer,8/26/2021,Northern Mariana Islands,Port Elizabeth
150,Sissy,Crudden,Sissy.Crudden@gmail.com,developer,5/11/2020,"Moldova, Republic of",Kuching
151,Lorne,Kirstin,Lorne.Kirstin@gmail.com,developer,3/23/2020,Fiji,Port Said
152,Amalie,Aprile,Amalie.Aprile@gmail.com,worker,2/9/2022,Bangladesh,Accra
153,Kary,Lindemann,Kary.Lindemann@gmail.com,developer,3/17/2021,Malawi,Geelong
154,Marita,Martsen,Marita.Martsen@gmail.com,firefighter,7/28/2021,Yemen,Asunción
155,Farrah,Erlandson,Farrah.Erlandson@gmail.com,firefighter,3/11/2021,Philippines,Lusaka
156,Steffane,Erich,Steffane.Erich@gmail.com,developer,10/12/2020,Suriname,Phoenix
157,Pollyanna,Joni,Pollyanna.Joni@gmail.com,police officer,1/8/2020,Slovakia,Zapopan
158,Jan,Wu,Jan.Wu@gmail.com,doctor,4/15/2022,Cook Islands,Manchester
159,Veda,Olin,Veda.Olin@gmail.com,worker,6/1/2020,Marshall Islands,San Fernando
160,Albertina,Brady,Albertina.Brady@gmail.com,firefighter,6/19/2022,Russian Federation,El Paso
161,Gisela,Saunderson,Gisela.Saunderson@gmail.com,developer,4/7/2021,United Arab Emirates,Phoenix
162,Sadie,Lindemann,Sadie.Lindemann@gmail.com,doctor,10/5/2021,Nauru,Dubai
163,Carolina,Glovsky,Carolina.Glovsky@gmail.com,police officer,11/17/2021,Croatia,Caracas
164,Letizia,Brenn,Letizia.Brenn@gmail.com,doctor,3/2/2020,Spain,Hanoi
165,Theodora,Carolin,Theodora.Carolin@gmail.com,developer,5/10/2021,Israel,Saint Petersburg
166,Jere,Shanley,Jere.Shanley@gmail.com,worker,6/21/2022,South Georgia and the South Sandwich Islands,Nicosia
167,Elsie,Pandolfi,Elsie.Pandolfi@gmail.com,firefighter,2/28/2020,Jordan,Hagåtña
168,Jan,Faust,Jan.Faust@gmail.com,doctor,1/22/2021,Iraq,Saint Petersburg
169,Clementine,Lauraine,Clementine.Lauraine@gmail.com,developer,12/29/2021,New Zealand,Tbilisi
170,Theodora,Saint,Theodora.Saint@gmail.com,police officer,3/10/2020,Egypt,Philadelphia
171,Patricia,Felecia,Patricia.Felecia@gmail.com,firefighter,8/15/2021,San Marino,Birmingham
172,Ethel,Kiyoshi,Ethel.Kiyoshi@gmail.com,developer,2/5/2020,Benin,Alor Star
173,Randa,Vernier,Randa.Vernier@gmail.com,worker,2/6/2020,Uzbekistan,Port Said
174,Dorthy,Mullane,Dorthy.Mullane@gmail.com,developer,3/17/2021,Nauru,London
175,Ingrid,Wadell,Ingrid.Wadell@gmail.com,police officer,1/19/2020,Cameroon,Iloilo City
176,Anestassia,Minetta,Anestassia.Minetta@gmail.com,developer,2/20/2021,Martinique,Toronto
177,Hope,Marijo,Hope.Marijo@gmail.com,developer,11/17/2021,Serbia and Montenegro,Rotterdam
178,Ida,Tamsky,Ida.Tamsky@gmail.com,developer,6/20/2020,Anguilla,Los Angeles
179,Jessamyn,Dawkins,Jessamyn.Dawkins@gmail.com,firefighter,9/14/2020,Uganda,Niamey
180,Adele,Chabot,Adele.Chabot@gmail.com,doctor,7/14/2020,Uganda,Düsseldorf
181,Lenna,MacIntosh,Lenna.MacIntosh@gmail.com,developer,6/29/2021,Portugal,Cuiabá
182,Roseline,Linskey,Roseline.Linskey@gmail.com,doctor,2/11/2021,Bangladesh,Bratsk
183,Averyl,Amethist,Averyl.Amethist@gmail.com,developer,9/3/2020,Ghana,Jinan
184,Fidelia,Fleeta,Fidelia.Fleeta@gmail.com,firefighter,12/8/2020,Australia,Rosario
185,Melisent,Jerold,Melisent.Jerold@gmail.com,worker,8/30/2021,Tonga,Angra do Heroísmo
186,Beth,Jorgan,Beth.Jorgan@gmail.com,police officer,2/19/2021,Netherlands,Surat
187,Micheline,Adore,Micheline.Adore@gmail.com,police officer,4/10/2021,Tunisia,Da Nang
188,Raf,Gibbeon,Raf.Gibbeon@gmail.com,police officer,2/18/2021,Greenland,Konya
189,Susan,Ball,Susan.Ball@gmail.com,doctor,5/1/2020,Senegal,Avarua
190,Imojean,Elbertina,Imojean.Elbertina@gmail.com,firefighter,12/10/2020,Zimbabwe,Newcastle
191,Elbertina,Macey,Elbertina.Macey@gmail.com,worker,8/11/2021,Haiti,Mérida
192,Tobe,Cohdwell,Tobe.Cohdwell@gmail.com,developer,9/21/2020,Chile,Malé
193,Rivalee,Joeann,Rivalee.Joeann@gmail.com,firefighter,9/26/2020,Papua New Guinea,Pretoria
194,Marcelline,Fairweather,Marcelline.Fairweather@gmail.com,developer,1/20/2022,Northern Mariana Islands,Port Elizabeth
195,Melisent,Devlen,Melisent.Devlen@gmail.com,developer,3/31/2020,Nigeria,Adana
196,Lanae,Riva,Lanae.Riva@gmail.com,police officer,6/3/2022,Nicaragua,Kaohsiung
197,Melina,Zola,Melina.Zola@gmail.com,worker,3/3/2022,"Moldova, Republic of",Charlottetown
198,Korrie,Heidt,Korrie.Heidt@gmail.com,police officer,4/18/2021,Maldives,Gaborone
199,Arlina,Sikorski,Arlina.Sikorski@gmail.com,firefighter,4/7/2021,Greenland,Cork (city)
200,Courtnay,Goldina,Courtnay.Goldina@gmail.com,firefighter,1/4/2022,Greece,Santo Domingo
201,Jackie,Rebecka,Jackie.Rebecka@gmail.com,developer,6/15/2022,Turkey,Jamestown
202,Cacilie,Podvin,Cacilie.Podvin@gmail.com,developer,5/15/2020,Romania,Fort-de-France
203,Fredericka,Dominy,Fredericka.Dominy@gmail.com,developer,2/28/2022,Liberia,Yokohama
204,Nollie,Brodench,Nollie.Brodench@gmail.com,police officer,7/17/2021,Turkmenistan,Port Elizabeth
205,Joeann,Teryn,Joeann.Teryn@gmail.com,developer,2/23/2021,Turks and Caicos Islands,Sucre
206,Averyl,Gale,Averyl.Gale@gmail.com,police officer,11/22/2020,Brazil,Regina
207,Alexine,Tice,Alexine.Tice@gmail.com,police officer,4/4/2020,Slovakia,Graz
208,Kate,Nester,Kate.Nester@gmail.com,worker,6/28/2021,Cambodia,Mexico City
209,Lizzie,Hoban,Lizzie.Hoban@gmail.com,worker,9/19/2020,Finland,Reykjavík
210,Rosabelle,Elephus,Rosabelle.Elephus@gmail.com,developer,12/20/2021,Turks and Caicos Islands,Gangtok
211,Alleen,Berne,Alleen.Berne@gmail.com,firefighter,5/15/2020,Svalbard and Jan Mayen,Aarhus
212,Dode,Merna,Dode.Merna@gmail.com,doctor,11/10/2021,Tuvalu,Handan
213,Heddie,Selway,Heddie.Selway@gmail.com,doctor,10/30/2021,Chile,Adelaide
214,Lynnea,Old,Lynnea.Old@gmail.com,police officer,7/3/2022,Panama,Belmopan
215,Dagmar,Georgy,Dagmar.Georgy@gmail.com,developer,7/25/2022,Liberia,Bergen
216,Rosabelle,Zitvaa,Rosabelle.Zitvaa@gmail.com,worker,6/22/2020,Honduras,Atlanta
217,Amii,Helve,Amii.Helve@gmail.com,firefighter,6/14/2021,Niue,Ipoh
218,Lory,Macey,Lory.Macey@gmail.com,doctor,5/1/2020,"Virgin Islands, British",Gaza
219,Charmaine,Corabella,Charmaine.Corabella@gmail.com,developer,2/7/2020,Czech Republic,Nantes
220,Sophia,Carbo,Sophia.Carbo@gmail.com,police officer,2/14/2021,Cape Verde,Baghdad
221,Nelle,Nickola,Nelle.Nickola@gmail.com,developer,1/18/2020,Italy,Bissau
222,Tierney,Carolin,Tierney.Carolin@gmail.com,firefighter,4/20/2020,Equatorial Guinea,Koror
223,Arlena,Hailee,Arlena.Hailee@gmail.com,developer,4/25/2022,Cambodia,La Serena
224,Tina,Sibyls,Tina.Sibyls@gmail.com,developer,5/15/2021,"Iran, Islamic Republic Of",Newcastle
225,Silvana,Schenck,Silvana.Schenck@gmail.com,firefighter,12/11/2021,French Polynesia,Bujumbura
226,Fanny,Dimitris,Fanny.Dimitris@gmail.com,doctor,2/1/2020,Tuvalu,Lima
227,Silvana,Gordon,Silvana.Gordon@gmail.com,worker,5/4/2021,Dominica,Mbabane
228,Marcy,Orlene,Marcy.Orlene@gmail.com,firefighter,10/8/2020,Panama,Stepanakert
229,Ulrike,Kesley,Ulrike.Kesley@gmail.com,firefighter,9/22/2020,Zambia,Manila
230,Mady,Percy,Mady.Percy@gmail.com,firefighter,3/31/2021,"Moldova, Republic of",South Tarawa
231,Lusa,Center,Lusa.Center@gmail.com,worker,8/3/2021,Anguilla,Mandurah
232,Florie,Kalinda,Florie.Kalinda@gmail.com,worker,5/17/2020,Comoros,Buffalo
233,Ileana,Audly,Ileana.Audly@gmail.com,worker,8/8/2020,Guinea-Bissau,Miami
234,Nikki,Vale,Nikki.Vale@gmail.com,worker,7/10/2020,Saint Pierre and Miquelon,Cologne
235,Sherrie,Oster,Sherrie.Oster@gmail.com,firefighter,5/14/2020,Western Sahara,Phuket (city)
236,Xylina,Ax,Xylina.Ax@gmail.com,developer,8/4/2021,Burundi,Kota Bharu
237,Jacquetta,Michella,Jacquetta.Michella@gmail.com,developer,6/21/2020,Jamaica,Yogyakarta (city)
238,Odessa,Scammon,Odessa.Scammon@gmail.com,firefighter,8/24/2020,Cook Islands,Antwerp
239,Kylynn,Constancy,Kylynn.Constancy@gmail.com,worker,11/23/2020,Sweden,Quebec City
240,Lacie,Tayib,Lacie.Tayib@gmail.com,worker,3/21/2021,Nicaragua,Rochester
241,Karena,Berard,Karena.Berard@gmail.com,worker,9/26/2020,United Kingdom,Greenwich
242,Ashlee,Ellerey,Ashlee.Ellerey@gmail.com,firefighter,7/28/2022,"Korea, Republic of",Nicosia
243,Berta,Shanley,Berta.Shanley@gmail.com,doctor,11/17/2021,Cayman Islands,Ahmedabad
244,Carolina,Pip,Carolina.Pip@gmail.com,worker,12/11/2020,Oman,Palma
245,Edith,Killigrew,Edith.Killigrew@gmail.com,firefighter,11/25/2020,Peru,Cork (city)
246,Valera,Vary,Valera.Vary@gmail.com,firefighter,8/12/2020,Morocco,Salzburg
247,Deane,Capello,Deane.Capello@gmail.com,firefighter,12/5/2020,Equatorial Guinea,Dhaka
248,Petronia,Swanhildas,Petronia.Swanhildas@gmail.com,doctor,3/2/2021,Grenada,Yokohama
249,Marita,Middleton,Marita.Middleton@gmail.com,police officer,7/14/2021,Argentina,Lima
250,Bernie,Marcellus,Bernie.Marcellus@gmail.com,police officer,8/23/2020,Benin,Albuquerque
251,Gisela,Christine,Gisela.Christine@gmail.com,firefighter,1/8/2021,Montserrat,Hanga Roa
252,Jeanna,Wiener,Jeanna.Wiener@gmail.com,developer,9/29/2021,Uganda,Pelotas
253,Justinn,Hutchison,Justinn.Hutchison@gmail.com,police officer,9/18/2020,Bulgaria,Gangtok
254,Leanna,Cecile,Leanna.Cecile@gmail.com,police officer,4/17/2021,Heard Island and Mcdonald Islands,Cuiabá
255,Corly,Dudley,Corly.Dudley@gmail.com,developer,9/9/2021,"Iran, Islamic Republic Of",Hong Kong
256,June,Carri,June.Carri@gmail.com,police officer,8/9/2020,Algeria,Medan
257,Cristabel,Bohlin,Cristabel.Bohlin@gmail.com,firefighter,3/2/2022,Heard Island and Mcdonald Islands,Las Vegas
258,Odessa,Weinreb,Odessa.Weinreb@gmail.com,firefighter,1/11/2022,Congo,Cologne
259,Jsandye,Bashemeth,Jsandye.Bashemeth@gmail.com,doctor,6/22/2020,Netherlands Antilles,Turin
260,Berget,Adalbert,Berget.Adalbert@gmail.com,firefighter,7/4/2021,Lebanon,Zürich
261,Hildegaard,Lanita,Hildegaard.Lanita@gmail.com,firefighter,6/17/2021,Macao,Santiago de Cuba
262,Vanessa,Donoghue,Vanessa.Donoghue@gmail.com,firefighter,11/27/2020,Cocos (Keeling) Islands,Split (city)
263,Rivalee,Tristram,Rivalee.Tristram@gmail.com,police officer,1/5/2022,Peru,Suez
264,Leia,Vilma,Leia.Vilma@gmail.com,developer,2/1/2020,Costa Rica,Taiyuan
265,Gabi,Kussell,Gabi.Kussell@gmail.com,police officer,8/23/2020,Ethiopia,Iqaluit
266,Bettine,Quinn,Bettine.Quinn@gmail.com,doctor,9/12/2021,Grenada,Strasbourg
267,Linzy,Erminia,Linzy.Erminia@gmail.com,police officer,2/20/2021,Norway,Honolulu
268,Teriann,Sundin,Teriann.Sundin@gmail.com,police officer,8/6/2021,Bhutan,Hanga Roa
269,Abbie,Vins,Abbie.Vins@gmail.com,police officer,8/7/2020,Uganda,Los Angeles
270,Clarice,Kravits,Clarice.Kravits@gmail.com,developer,7/24/2020,Lesotho,Málaga
271,Charlena,Izaak,Charlena.Izaak@gmail.com,developer,3/30/2021,Barbados,Horta (Azores)
272,Bobbi,Katrine,Bobbi.Katrine@gmail.com,firefighter,2/3/2022,French Southern Territories,Cartagena
273,Patricia,Chauncey,Patricia.Chauncey@gmail.com,worker,1/30/2021,Jersey,Santiago de Cuba
274,Merry,Peti,Merry.Peti@gmail.com,developer,8/26/2020,Bouvet Island,Mecca
275,Dorothy,Gavrila,Dorothy.Gavrila@gmail.com,police officer,11/1/2021,New Zealand,Córdoba
276,Gabi,Raseda,Gabi.Raseda@gmail.com,firefighter,4/3/2021,"Tanzania, United Republic of",Dushanbe
277,Codie,Alwin,Codie.Alwin@gmail.com,doctor,12/9/2020,Syrian Arab Republic,Reykjavík
278,Aryn,Morgun,Aryn.Morgun@gmail.com,doctor,10/19/2020,Vanuatu,Valparaíso
279,Marylou,Infield,Marylou.Infield@gmail.com,doctor,3/23/2022,Singapore,The Hague
280,Florie,Amasa,Florie.Amasa@gmail.com,developer,4/30/2021,Monaco,Christchurch
281,Fanchon,Lemuela,Fanchon.Lemuela@gmail.com,developer,2/12/2022,French Polynesia,Macapá
282,Shel,Cressida,Shel.Cressida@gmail.com,police officer,11/4/2020,Malawi,La Paz
283,Chickie,Leopold,Chickie.Leopold@gmail.com,police officer,1/26/2022,Mozambique,Nagoya
284,Myriam,Gahl,Myriam.Gahl@gmail.com,police officer,11/1/2021,Italy,Glasgow
285,Shannah,Berard,Shannah.Berard@gmail.com,firefighter,3/2/2020,"Congo, The Democratic Republic of the",Riyadh
286,Queenie,Peonir,Queenie.Peonir@gmail.com,police officer,8/20/2020,Dominica,Panama City
287,Yetty,Ludewig,Yetty.Ludewig@gmail.com,doctor,5/1/2021,Zambia,Ponta Delgada
288,Maridel,Jary,Maridel.Jary@gmail.com,police officer,12/9/2021,Guatemala,Bandar Seri Begawan
289,Magdalena,Gabrielli,Magdalena.Gabrielli@gmail.com,police officer,7/22/2022,United Arab Emirates,Abuja
290,Sallie,Rhu,Sallie.Rhu@gmail.com,doctor,3/17/2021,South Georgia and the South Sandwich Islands,Kaesong
291,Elbertina,Shanley,Elbertina.Shanley@gmail.com,police officer,2/8/2020,Zambia,Ciudad del Este
292,Orsola,Garbe,Orsola.Garbe@gmail.com,police officer,8/12/2021,Kuwait,Port Vila
293,Estell,Aldric,Estell.Aldric@gmail.com,worker,11/23/2021,Costa Rica,Geelong
294,Glynnis,Ruvolo,Glynnis.Ruvolo@gmail.com,police officer,3/22/2020,Denmark,Sucre
295,Melina,Ellord,Melina.Ellord@gmail.com,firefighter,11/30/2020,Portugal,Batticaloa
296,Romona,Anderea,Romona.Anderea@gmail.com,firefighter,10/20/2020,Dominican Republic,São Paulo
297,Raina,Faro,Raina.Faro@gmail.com,worker,6/4/2021,Australia,Dublin
298,Janis,Roche,Janis.Roche@gmail.com,worker,5/1/2022,Honduras,Anadyr (town)
299,Melodie,Medrek,Melodie.Medrek@gmail.com,developer,5/27/2021,Uganda,Ushuaia
300,Ermengarde,Latini,Ermengarde.Latini@gmail.com,doctor,6/13/2020,Saint Vincent and the Grenadines,Bridgetown
301,Sheree,Chapland,Sheree.Chapland@gmail.com,developer,2/11/2021,Djibouti,Nagoya
302,Tamqrah,Daniele,Tamqrah.Daniele@gmail.com,doctor,3/18/2020,Guinea-Bissau,Quezon City
303,Millie,Redmond,Millie.Redmond@gmail.com,police officer,3/25/2021,Tuvalu,Nagpur
304,Keelia,Fiester,Keelia.Fiester@gmail.com,developer,4/18/2020,Aruba,Ipoh
305,Caressa,Maurine,Caressa.Maurine@gmail.com,developer,1/27/2020,Ecuador,Cincinnati
306,Larine,Magnolia,Larine.Magnolia@gmail.com,police officer,7/13/2020,Slovenia,San Salvador
307,Annabela,Xerxes,Annabela.Xerxes@gmail.com,worker,6/2/2020,Tunisia,Yaoundé
308,Mahalia,Jehu,Mahalia.Jehu@gmail.com,firefighter,5/10/2022,Svalbard and Jan Mayen,Managua
309,Paule,Ludewig,Paule.Ludewig@gmail.com,firefighter,8/4/2020,Trinidad and Tobago,Helsinki
310,Kylynn,Cristi,Kylynn.Cristi@gmail.com,doctor,11/5/2020,Bahamas,Macapá
311,Nananne,Elsinore,Nananne.Elsinore@gmail.com,firefighter,12/4/2021,Comoros,Harare
312,Harrietta,Kermit,Harrietta.Kermit@gmail.com,firefighter,4/4/2021,"Moldova, Republic of",Port Louis
313,Netty,Gillan,Netty.Gillan@gmail.com,firefighter,12/2/2021,Chad,Accra
314,Inga,Buckler,Inga.Buckler@gmail.com,developer,2/12/2020,"Lao People""S Democratic Republic",Charlotte
315,Maridel,Hathaway,Maridel.Hathaway@gmail.com,doctor,3/3/2020,Spain,Roseau
316,Gianina,Demitria,Gianina.Demitria@gmail.com,firefighter,3/29/2022,Eritrea,New Orleans
317,Fayre,Weaks,Fayre.Weaks@gmail.com,developer,7/20/2021,Greenland,Valdivia
318,Albertina,Bibi,Albertina.Bibi@gmail.com,developer,8/25/2021,Saint Kitts and Nevis,Bucharest
319,Corene,Selway,Corene.Selway@gmail.com,firefighter,1/27/2021,Cameroon,Porto Velho
320,Janenna,Boehike,Janenna.Boehike@gmail.com,firefighter,5/2/2021,South Georgia and the South Sandwich Islands,Seville
321,Valeda,Naor,Valeda.Naor@gmail.com,worker,3/17/2020,Martinique,Kunming
322,Vanessa,Noelyn,Vanessa.Noelyn@gmail.com,worker,11/3/2021,Angola,Multan
323,Joy,Ailyn,Joy.Ailyn@gmail.com,firefighter,10/4/2021,Zimbabwe,Tel Aviv
324,Doro,Stefa,Doro.Stefa@gmail.com,doctor,7/30/2021,Antigua and Barbuda,São Paulo
325,Tressa,Hutchison,Tressa.Hutchison@gmail.com,police officer,7/5/2020,Heard Island and Mcdonald Islands,Hamilton
326,Fred,Anis,Fred.Anis@gmail.com,developer,6/12/2021,"Virgin Islands, British",Palikir
327,Charissa,Junie,Charissa.Junie@gmail.com,doctor,8/11/2021,Bolivia,Srinagar
328,Agnese,Truc,Agnese.Truc@gmail.com,doctor,9/17/2020,Pakistan,Kuala Lumpur
329,Sissy,Han,Sissy.Han@gmail.com,developer,6/22/2020,Liechtenstein,Pelotas
330,Ricky,Andrel,Ricky.Andrel@gmail.com,police officer,10/23/2021,Saint Pierre and Miquelon,Labasa
331,Hermione,Revkah,Hermione.Revkah@gmail.com,police officer,6/9/2021,Burundi,Dunedin
332,Mureil,Georgy,Mureil.Georgy@gmail.com,developer,6/1/2021,"Tanzania, United Republic of",Maputo
333,Joceline,Parsaye,Joceline.Parsaye@gmail.com,firefighter,7/17/2020,Chad,Bursa
334,Tobe,Zola,Tobe.Zola@gmail.com,firefighter,5/26/2021,Kenya,St. George's
335,Kial,Tannie,Kial.Tannie@gmail.com,firefighter,10/10/2020,Philippines,Forked River
336,Anallese,Dimitris,Anallese.Dimitris@gmail.com,developer,1/16/2021,Bulgaria,Gaza
337,Kore,Raychel,Kore.Raychel@gmail.com,police officer,8/23/2021,Ireland,Chongjin
338,Neila,Carmena,Neila.Carmena@gmail.com,doctor,8/3/2020,Christmas Island,Iqaluit
339,Jaclyn,Ingra,Jaclyn.Ingra@gmail.com,developer,1/11/2022,Puerto Rico,Thessaloniki
340,Elka,Brieta,Elka.Brieta@gmail.com,police officer,2/3/2022,Martinique,Lucknow
341,Meghann,Gilmour,Meghann.Gilmour@gmail.com,firefighter,2/1/2021,Tonga,Accra
342,Melina,Yerkovich,Melina.Yerkovich@gmail.com,police officer,7/22/2020,Åland Islands,Bursa
343,Blinni,Gunn,Blinni.Gunn@gmail.com,doctor,12/6/2020,Estonia,Ibadan
344,Teriann,Viddah,Teriann.Viddah@gmail.com,worker,5/10/2020,Georgia,Johor Bahru
345,Tina,Madox,Tina.Madox@gmail.com,doctor,3/3/2022,Marshall Islands,Bahía Blanca
346,Mariann,Pascia,Mariann.Pascia@gmail.com,doctor,9/30/2020,Pakistan,Bishkek
347,Louella,Iiette,Louella.Iiette@gmail.com,developer,4/3/2022,Finland,Zamboanga City
348,Atlanta,Catie,Atlanta.Catie@gmail.com,police officer,9/9/2021,Jamaica,Tijuana
349,Ariela,Diogenes,Ariela.Diogenes@gmail.com,police officer,5/10/2020,Kenya,Blantyre
350,Shirlee,Junie,Shirlee.Junie@gmail.com,doctor,4/12/2020,Martinique,Taiyuan
351,Jsandye,Francene,Jsandye.Francene@gmail.com,worker,4/22/2021,Slovakia,Mandurah
352,Phedra,Nedrud,Phedra.Nedrud@gmail.com,worker,4/21/2020,Panama,Port-au-Prince
353,Suzette,Rillings,Suzette.Rillings@gmail.com,doctor,6/1/2021,Bouvet Island,Valletta
354,Eolanda,Kamaria,Eolanda.Kamaria@gmail.com,firefighter,7/20/2021,AndorrA,Iqaluit
355,Calla,Lindemann,Calla.Lindemann@gmail.com,doctor,6/11/2022,Guernsey,Luxembourg (city)
356,Adelle,Tomasina,Adelle.Tomasina@gmail.com,doctor,11/12/2021,Mongolia,Thessaloniki
357,Jolyn,Liva,Jolyn.Liva@gmail.com,developer,6/19/2021,Guyana,Nantes
358,Tori,Redmond,Tori.Redmond@gmail.com,firefighter,3/23/2022,Hungary,Marseille
359,Elyssa,Haldas,Elyssa.Haldas@gmail.com,police officer,3/6/2020,Zimbabwe,Regina
360,Molli,Hazlett,Molli.Hazlett@gmail.com,doctor,5/17/2022,Pitcairn,La Paz
361,Vivia,Morgun,Vivia.Morgun@gmail.com,worker,12/6/2020,Belize,Stuttgart
362,Karly,Juliet,Karly.Juliet@gmail.com,firefighter,2/12/2021,Venezuela,Lviv
363,Phylis,Muriel,Phylis.Muriel@gmail.com,worker,8/16/2020,Botswana,Maceió
364,Adelle,Swanhildas,Adelle.Swanhildas@gmail.com,police officer,4/7/2022,Romania,Baltimore
365,Ada,Tomasina,Ada.Tomasina@gmail.com,developer,12/16/2020,Iceland,Harare
366,Nyssa,Allare,Nyssa.Allare@gmail.com,developer,7/9/2020,Paraguay,Buffalo
367,Mady,Bronk,Mady.Bronk@gmail.com,doctor,5/2/2022,Tonga,Stuttgart
368,Nyssa,Herrera,Nyssa.Herrera@gmail.com,firefighter,5/26/2022,Mexico,Winnipeg
369,Zaria,O'Neill,Zaria.O'Neill@gmail.com,firefighter,11/15/2021,Armenia,Nanning
370,Valera,Carolin,Valera.Carolin@gmail.com,firefighter,6/23/2022,Canada,Quezon City
371,Libbie,Sasnett,Libbie.Sasnett@gmail.com,worker,1/22/2022,Singapore,Melekeok
372,Beatriz,Edee,Beatriz.Edee@gmail.com,developer,1/25/2020,Svalbard and Jan Mayen,Addis Ababa
373,Rosaline,Bebe,Rosaline.Bebe@gmail.com,firefighter,11/5/2020,AndorrA,Nassau
374,Shirlee,Pierette,Shirlee.Pierette@gmail.com,worker,11/26/2020,San Marino,Mamoudzou
375,Minne,Kristi,Minne.Kristi@gmail.com,worker,1/5/2020,Papua New Guinea,Prague
376,Sean,Sperling,Sean.Sperling@gmail.com,police officer,10/23/2021,Togo,Luxor
377,Averyl,Berl,Averyl.Berl@gmail.com,police officer,1/30/2021,Portugal,Taichung
378,Ardys,Cutlerr,Ardys.Cutlerr@gmail.com,developer,3/12/2021,Antarctica,Hargeisa
379,Myrtice,Ethban,Myrtice.Ethban@gmail.com,doctor,1/3/2021,Uzbekistan,Belize City
380,Mureil,Anderea,Mureil.Anderea@gmail.com,doctor,4/14/2021,Botswana,Sofia
381,Cyb,Kolnick,Cyb.Kolnick@gmail.com,police officer,2/11/2022,Uruguay,Baghdad
382,Ulrike,Nore,Ulrike.Nore@gmail.com,doctor,6/1/2021,Burkina Faso,Kaohsiung
383,Lelah,Ietta,Lelah.Ietta@gmail.com,worker,10/29/2020,Botswana,Bangkok
384,Moyna,Kiersten,Moyna.Kiersten@gmail.com,doctor,7/26/2020,Colombia,Phoenix
385,Kellen,Ilka,Kellen.Ilka@gmail.com,doctor,11/4/2021,Sierra Leone,Shigatse
386,Meg,LaRue,Meg.LaRue@gmail.com,developer,5/15/2020,Panama,Wollongong
387,Eugine,Maroney,Eugine.Maroney@gmail.com,developer,10/21/2020,Sudan,Charlottetown
388,Carree,Weaks,Carree.Weaks@gmail.com,police officer,7/31/2021,Switzerland,St. George's
389,Merrie,Sperling,Merrie.Sperling@gmail.com,developer,12/2/2020,Guyana,Bamako
390,Lorenza,Erlandson,Lorenza.Erlandson@gmail.com,worker,4/26/2021,Congo,Balikpapan
391,Raina,Maurine,Raina.Maurine@gmail.com,police officer,11/1/2021,"Korea, Democratic People""S Republic of",Chiang Mai
392,Tina,Hoenack,Tina.Hoenack@gmail.com,worker,7/4/2021,Mauritius,Ankara
393,Ileana,Lay,Ileana.Lay@gmail.com,doctor,6/17/2021,Viet Nam,Chiang Mai
394,Debee,Waite,Debee.Waite@gmail.com,police officer,8/9/2021,Norway,Malacca Town
395,Ana,Haerr,Ana.Haerr@gmail.com,worker,8/30/2020,Lithuania,Rochester
396,Elmira,Seagraves,Elmira.Seagraves@gmail.com,worker,8/26/2020,Namibia,Hargeisa
397,Livvyy,Baylor,Livvyy.Baylor@gmail.com,doctor,3/24/2020,United States,Bishkek
398,Imojean,Quent,Imojean.Quent@gmail.com,developer,11/28/2021,Benin,Chaguanas
399,Blinni,Marsden,Blinni.Marsden@gmail.com,firefighter,4/17/2021,Cook Islands,Ahmedabad
400,Sue,Aurelio,Sue.Aurelio@gmail.com,doctor,4/6/2020,Tokelau,Porto Velho
401,Helena,Lytton,Helena.Lytton@gmail.com,police officer,2/16/2022,French Polynesia,Arbil
402,Beatriz,Tiffa,Beatriz.Tiffa@gmail.com,doctor,3/16/2022,Egypt,Tijuana
403,Ginnie,Hollingsworth,Ginnie.Hollingsworth@gmail.com,police officer,4/14/2022,Zambia,Siem Reap
404,Flo,Kunin,Flo.Kunin@gmail.com,developer,3/9/2022,Zambia,Innsbruck
405,Zaria,Leifeste,Zaria.Leifeste@gmail.com,doctor,1/23/2020,Iceland,Bangui
406,Gilda,Tamsky,Gilda.Tamsky@gmail.com,firefighter,1/26/2022,South Africa,San José
407,Dorice,Fink,Dorice.Fink@gmail.com,firefighter,3/26/2020,Guinea-Bissau,Memphis
408,Betta,Etom,Betta.Etom@gmail.com,police officer,5/19/2021,Guam,Cusco
409,Wynne,Minetta,Wynne.Minetta@gmail.com,doctor,1/6/2021,Macao,Atlanta
410,Oralee,Emmy,Oralee.Emmy@gmail.com,doctor,11/5/2020,Swaziland,Freetown
411,Leia,Seessel,Leia.Seessel@gmail.com,police officer,1/8/2020,American Samoa,Saipan
412,Xylina,Kesley,Xylina.Kesley@gmail.com,police officer,7/4/2022,Malta,Ludhiana
413,Bobinette,Center,Bobinette.Center@gmail.com,firefighter,3/2/2021,French Polynesia,Lilongwe
414,Brana,Carolin,Brana.Carolin@gmail.com,doctor,6/7/2021,"Taiwan, Province of China",Ndola
415,Dacia,Bennie,Dacia.Bennie@gmail.com,worker,6/22/2021,Kazakhstan,Douala
416,Linzy,Dunkin,Linzy.Dunkin@gmail.com,worker,7/5/2021,Montserrat,Castries
417,Lanna,Kravits,Lanna.Kravits@gmail.com,worker,10/24/2020,India,Yellowknife
418,Sashenka,Karna,Sashenka.Karna@gmail.com,police officer,4/30/2020,Tokelau,Quetzaltenango
419,Elmira,Hortensia,Elmira.Hortensia@gmail.com,firefighter,8/7/2020,British Indian Ocean Territory,Port Louis
420,Dominga,Even,Dominga.Even@gmail.com,doctor,12/19/2021,Aruba,Belgrade
421,Tierney,Nahum,Tierney.Nahum@gmail.com,developer,7/7/2022,Eritrea,Baku
422,Carmela,Emmy,Carmela.Emmy@gmail.com,doctor,11/1/2021,Djibouti,Johannesburg
423,Nollie,Arne,Nollie.Arne@gmail.com,doctor,2/15/2020,Armenia,Cali
424,Averyl,Himelman,Averyl.Himelman@gmail.com,doctor,1/23/2021,Gabon,Kandy
425,Jacenta,Haerr,Jacenta.Haerr@gmail.com,worker,7/6/2021,Mali,Pittsburgh
426,Flory,Rubie,Flory.Rubie@gmail.com,police officer,3/14/2020,Venezuela,Durango
427,Rivalee,Hoban,Rivalee.Hoban@gmail.com,worker,4/6/2022,Netherlands,Pune
428,Gerrie,Martsen,Gerrie.Martsen@gmail.com,doctor,2/28/2022,Mauritius,Charlotte Amalie
429,Neila,Zuzana,Neila.Zuzana@gmail.com,police officer,1/1/2021,Philippines,N'Djamena
430,Roberta,Odysseus,Roberta.Odysseus@gmail.com,doctor,2/18/2022,Tokelau,São José dos Campos
431,Sissy,Dawkins,Sissy.Dawkins@gmail.com,worker,8/12/2020,Saint Lucia,Charlotte Amalie
432,Carree,Bigner,Carree.Bigner@gmail.com,worker,5/6/2020,Japan,Riverside
433,Eugine,Anselmi,Eugine.Anselmi@gmail.com,firefighter,5/3/2021,Monaco,Cardiff
434,Marguerite,Sibyls,Marguerite.Sibyls@gmail.com,worker,4/4/2021,Oman,Pekanbaru
435,Georgetta,Sprage,Georgetta.Sprage@gmail.com,worker,4/7/2022,Italy,Hanover
436,Vanessa,Letsou,Vanessa.Letsou@gmail.com,developer,1/20/2020,Guyana,Hargeisa
437,Fanny,Ranjiv,Fanny.Ranjiv@gmail.com,police officer,1/11/2020,"Macedonia, The Former Yugoslav Republic of",Saskatoon
438,Fernande,Latini,Fernande.Latini@gmail.com,police officer,8/24/2020,Afghanistan,Harbin
439,Lacie,Tybald,Lacie.Tybald@gmail.com,worker,10/30/2020,AndorrA,Tampa
440,Candy,Jorgan,Candy.Jorgan@gmail.com,doctor,4/27/2022,Zambia,Belgrade
441,Lexine,Travax,Lexine.Travax@gmail.com,worker,5/9/2021,Slovakia,Gibraltar
442,Jeanna,Timon,Jeanna.Timon@gmail.com,doctor,8/31/2021,Åland Islands,Whitehorse
443,Cherrita,Kussell,Cherrita.Kussell@gmail.com,developer,7/15/2021,"Moldova, Republic of",Wuhan
444,Thalia,Hourigan,Thalia.Hourigan@gmail.com,developer,12/9/2020,Bouvet Island,Bogotá
445,Keelia,Francene,Keelia.Francene@gmail.com,police officer,1/10/2022,Aruba,Rome
446,Wileen,Soneson,Wileen.Soneson@gmail.com,firefighter,4/2/2022,Ukraine,Port-au-Prince
447,Kaia,Ophelia,Kaia.Ophelia@gmail.com,doctor,8/31/2020,Malawi,Nouméa
448,Magdalena,Merna,Magdalena.Merna@gmail.com,doctor,4/18/2021,Bahrain,Anadyr (town)
449,Tobe,Corilla,Tobe.Corilla@gmail.com,firefighter,10/12/2021,Bosnia and Herzegovina,Charlotte Amalie
450,Ingrid,Kellby,Ingrid.Kellby@gmail.com,doctor,7/4/2021,Bermuda,Cockburn Town
451,Jinny,Pascia,Jinny.Pascia@gmail.com,firefighter,8/7/2020,Dominica,Yakutsk
452,Shandie,Gherardo,Shandie.Gherardo@gmail.com,worker,10/6/2021,Åland Islands,Porto
453,Ileana,Oscar,Ileana.Oscar@gmail.com,firefighter,2/17/2020,"Macedonia, The Former Yugoslav Republic of",Ankara
454,Laurene,Paton,Laurene.Paton@gmail.com,developer,4/27/2020,Western Sahara,Hagåtña
455,Clarice,Peg,Clarice.Peg@gmail.com,worker,12/11/2020,Madagascar,Fort-de-France
456,Sybille,Westphal,Sybille.Westphal@gmail.com,developer,6/16/2021,San Marino,Espoo
457,Amii,Clywd,Amii.Clywd@gmail.com,worker,3/23/2020,Mexico,Nukus
458,Letizia,Eckblad,Letizia.Eckblad@gmail.com,police officer,4/29/2022,AndorrA,Brasília
459,Fawne,Jess,Fawne.Jess@gmail.com,police officer,1/11/2021,Martinique,Colombo
460,Viki,Olympium,Viki.Olympium@gmail.com,worker,10/1/2020,Tokelau,Istanbul
461,Trixi,Isacco,Trixi.Isacco@gmail.com,police officer,6/1/2020,New Zealand,Virginia Beach
462,Gale,Torray,Gale.Torray@gmail.com,doctor,9/17/2020,Brazil,Budapest
463,Belva,Alice,Belva.Alice@gmail.com,police officer,9/22/2020,Czech Republic,Brisbane
464,Stephanie,Boehike,Stephanie.Boehike@gmail.com,police officer,4/24/2022,Sri Lanka,Philadelphia
465,Tierney,Greyson,Tierney.Greyson@gmail.com,worker,1/21/2021,Guinea-Bissau,Niamey
466,Andree,McClimans,Andree.McClimans@gmail.com,police officer,8/22/2021,Mauritius,Dakar
467,Jennica,McNully,Jennica.McNully@gmail.com,worker,2/9/2020,Finland,Moscow
468,Lorne,Papageno,Lorne.Papageno@gmail.com,doctor,5/2/2021,Macao,Cologne
469,Sharai,Sheng,Sharai.Sheng@gmail.com,worker,10/14/2020,Jersey,Vientiane
470,Heddie,Georas,Heddie.Georas@gmail.com,developer,3/6/2021,Marshall Islands,Mérida
471,Rosene,Fitzsimmons,Rosene.Fitzsimmons@gmail.com,firefighter,3/5/2021,Bulgaria,Porto Alegre
472,Ebonee,Garlinda,Ebonee.Garlinda@gmail.com,worker,7/28/2021,Brunei Darussalam,Majuro
473,Johna,Michella,Johna.Michella@gmail.com,worker,12/4/2020,Burundi,Djibouti (city)
474,Ayn,Bonilla,Ayn.Bonilla@gmail.com,police officer,6/28/2021,Peru,Lisbon
475,Gerrie,Israeli,Gerrie.Israeli@gmail.com,doctor,12/4/2021,Serbia and Montenegro,Luxor
476,Angelique,Madaih,Angelique.Madaih@gmail.com,police officer,2/26/2022,Cuba,Harare
477,Genevra,Belanger,Genevra.Belanger@gmail.com,police officer,8/28/2020,Suriname,Luxor
478,Lauryn,Flyn,Lauryn.Flyn@gmail.com,firefighter,11/23/2020,Kazakhstan,Ibiza
479,Mellicent,Tyson,Mellicent.Tyson@gmail.com,firefighter,7/11/2022,Libyan Arab Jamahiriya,Portland
480,Sashenka,Argus,Sashenka.Argus@gmail.com,developer,6/26/2022,Sweden,Houston
481,Felice,Merell,Felice.Merell@gmail.com,developer,5/7/2020,Netherlands,Tel Aviv
482,Sindee,Carlson,Sindee.Carlson@gmail.com,police officer,12/30/2020,Austria,Colombo
483,Rosanne,Vins,Rosanne.Vins@gmail.com,police officer,12/17/2020,Belgium,Kansas City
484,Eugine,Creamer,Eugine.Creamer@gmail.com,developer,4/19/2022,Burundi,Makassar
485,Jany,Florina,Jany.Florina@gmail.com,doctor,5/6/2020,Belgium,Saint-Denis
486,Gerrie,Minetta,Gerrie.Minetta@gmail.com,police officer,10/19/2021,Eritrea,Jinan
487,Peri,Xerxes,Peri.Xerxes@gmail.com,firefighter,3/8/2020,Pitcairn,Gaziantep
488,Sabina,Frendel,Sabina.Frendel@gmail.com,police officer,10/21/2021,Isle of Man,Mamoudzou
489,Kaja,Idelia,Kaja.Idelia@gmail.com,doctor,8/2/2020,Austria,Helsinki
490,Annice,Jillane,Annice.Jillane@gmail.com,police officer,6/4/2020,Morocco,Charlotte Amalie
491,Donnie,Shaddock,Donnie.Shaddock@gmail.com,firefighter,11/16/2021,Bahrain,Sydney
492,Gianina,Glenden,Gianina.Glenden@gmail.com,developer,8/8/2020,Chad,Perm
493,Loree,Bryna,Loree.Bryna@gmail.com,developer,11/16/2021,Ghana,Nagpur
494,Lilith,Tristram,Lilith.Tristram@gmail.com,doctor,2/25/2022,Cocos (Keeling) Islands,Warsaw
495,Candi,Slifka,Candi.Slifka@gmail.com,developer,4/27/2021,Marshall Islands,Minsk
496,Rubie,Reinke,Rubie.Reinke@gmail.com,developer,1/1/2021,Central African Republic,Melbourne
497,Starla,Larochelle,Starla.Larochelle@gmail.com,worker,9/7/2020,Barbados,Banjul
498,Kerrin,Means,Kerrin.Means@gmail.com,doctor,9/6/2021,Greece,Douglas
499,Wileen,Frodi,Wileen.Frodi@gmail.com,worker,1/3/2022,Malta,Marseille
500,Kassey,Pearse,Kassey.Pearse@gmail.com,doctor,8/21/2021,Guernsey,Honiara
501,Courtnay,Loleta,Courtnay.Loleta@gmail.com,doctor,11/7/2021,Faroe Islands,Naples
502,Melisent,Azeria,Melisent.Azeria@gmail.com,firefighter,8/15/2020,United Arab Emirates,Palma
503,Ardenia,Blase,Ardenia.Blase@gmail.com,doctor,8/18/2020,"Macedonia, The Former Yugoslav Republic of",Omdurman
504,Barbara,Wallis,Barbara.Wallis@gmail.com,worker,6/10/2020,Cuba,Birmingham
505,Nollie,Lalitta,Nollie.Lalitta@gmail.com,firefighter,10/2/2021,Chad,Cebu City
506,Sidoney,Holbrook,Sidoney.Holbrook@gmail.com,worker,9/23/2020,Dominica,Monaco
507,Kathi,Ehrman,Kathi.Ehrman@gmail.com,worker,7/6/2021,Indonesia,Paramaribo
508,Sara-Ann,Bennie,Sara-Ann.Bennie@gmail.com,developer,11/1/2021,Mauritius,São José dos Campos
509,Marline,Greenwald,Marline.Greenwald@gmail.com,developer,11/10/2021,French Guiana,Panama City
510,Danny,Malina,Danny.Malina@gmail.com,police officer,11/10/2020,Hong Kong,Kandahar
511,Theodora,Voletta,Theodora.Voletta@gmail.com,police officer,12/13/2021,Kenya,New Orleans
512,Leanna,Rebecka,Leanna.Rebecka@gmail.com,worker,1/16/2022,Liechtenstein,Ürümqi
513,Tonia,Donoghue,Tonia.Donoghue@gmail.com,firefighter,8/26/2021,Bolivia,Cartagena
514,Kathi,Colp,Kathi.Colp@gmail.com,worker,11/22/2020,Kiribati,Changchun
515,Katharina,Ulphia,Katharina.Ulphia@gmail.com,worker,1/18/2022,Philippines,Khartoum
516,Lorne,Blase,Lorne.Blase@gmail.com,police officer,7/18/2022,Angola,Ilhéus
517,Lizzie,Jacqui,Lizzie.Jacqui@gmail.com,police officer,2/26/2022,Jordan,Valletta
518,Leanna,Saint,Leanna.Saint@gmail.com,developer,3/23/2020,Gabon,New Orleans
519,Dania,Gilmour,Dania.Gilmour@gmail.com,doctor,5/5/2020,Wallis and Futuna,Townsville
520,Joane,Wattenberg,Joane.Wattenberg@gmail.com,developer,1/11/2021,Niue,Hobart
521,Zaria,Callista,Zaria.Callista@gmail.com,worker,3/31/2022,Lesotho,Cali
522,Kimmy,Ade,Kimmy.Ade@gmail.com,doctor,6/30/2020,Saudi Arabia,Ankara
523,Gilda,Claudine,Gilda.Claudine@gmail.com,developer,3/4/2021,Northern Mariana Islands,Enugu
524,Joelly,Publia,Joelly.Publia@gmail.com,police officer,7/27/2022,Puerto Rico,Chihuahua
525,Mariele,Remmer,Mariele.Remmer@gmail.com,worker,11/30/2020,"Korea, Republic of",Magadan
526,Stephanie,Larochelle,Stephanie.Larochelle@gmail.com,police officer,2/11/2020,Bhutan,Santiago de Cuba
527,Ashlee,Bahr,Ashlee.Bahr@gmail.com,police officer,9/2/2020,Palau,Milan
528,Clary,Nunci,Clary.Nunci@gmail.com,police officer,3/5/2022,Puerto Rico,Nagpur
529,Joelly,Fancie,Joelly.Fancie@gmail.com,doctor,2/14/2022,"Virgin Islands, British",Bursa
530,Elena,Durante,Elena.Durante@gmail.com,police officer,11/29/2020,San Marino,Libreville
531,Brianna,Kirstin,Brianna.Kirstin@gmail.com,firefighter,7/25/2022,Malta,Luxor
532,Maridel,Drus,Maridel.Drus@gmail.com,firefighter,1/16/2020,Guatemala,İzmir
533,Kimmy,Kamaria,Kimmy.Kamaria@gmail.com,worker,3/22/2021,Tajikistan,Yokohama
534,Ernesta,Taima,Ernesta.Taima@gmail.com,worker,2/2/2020,Saint Lucia,Novosibirsk
535,Gui,Germann,Gui.Germann@gmail.com,developer,5/14/2021,Qatar,Valparaíso
536,Vinita,Wenda,Vinita.Wenda@gmail.com,firefighter,4/22/2022,United Arab Emirates,Djibouti (city)
537,Mamie,Angelis,Mamie.Angelis@gmail.com,police officer,10/21/2021,Estonia,Salzburg
538,Celene,Payson,Celene.Payson@gmail.com,police officer,8/30/2021,United Arab Emirates,New Delhi
539,Mamie,Georas,Mamie.Georas@gmail.com,firefighter,2/27/2022,Tuvalu,Nantes
540,Dione,Alexandr,Dione.Alexandr@gmail.com,doctor,2/12/2021,"Macedonia, The Former Yugoslav Republic of",Valparaíso
541,Fred,Blisse,Fred.Blisse@gmail.com,doctor,3/10/2021,French Polynesia,Bratislava
542,Konstance,Carbo,Konstance.Carbo@gmail.com,doctor,1/1/2021,Botswana,Reykjavík
543,Demetris,Chapland,Demetris.Chapland@gmail.com,worker,6/26/2021,Lebanon,Mexicali
544,Annecorinne,Rudolph,Annecorinne.Rudolph@gmail.com,worker,10/5/2020,Jersey,City of Halifax
545,Merrie,Viddah,Merrie.Viddah@gmail.com,firefighter,4/28/2020,Cook Islands,Recife
546,Jacenta,Colp,Jacenta.Colp@gmail.com,police officer,10/13/2021,Panama,Cuiabá
547,Helsa,Monk,Helsa.Monk@gmail.com,worker,7/8/2020,Bouvet Island,Pune
548,Lily,Iphlgenia,Lily.Iphlgenia@gmail.com,developer,1/10/2020,Albania,Bilbao
549,Gretal,Tjon,Gretal.Tjon@gmail.com,doctor,7/26/2021,Croatia,Cardiff
550,Gloria,Fulmer,Gloria.Fulmer@gmail.com,police officer,2/3/2021,Georgia,Regina
551,Zondra,Rad,Zondra.Rad@gmail.com,worker,10/22/2021,Kyrgyzstan,Riyadh
552,Alex,Smitt,Alex.Smitt@gmail.com,developer,11/4/2021,"Tanzania, United Republic of",Malé
553,Zia,Munn,Zia.Munn@gmail.com,firefighter,10/24/2021,AndorrA,San Francisco
554,Tina,Leler,Tina.Leler@gmail.com,firefighter,11/4/2021,United Arab Emirates,Yogyakarta (city)
555,Rosaline,Colyer,Rosaline.Colyer@gmail.com,developer,6/7/2022,Samoa,Monrovia
556,Halette,Giff,Halette.Giff@gmail.com,firefighter,4/4/2020,New Caledonia,Damascus
557,Konstance,Nahum,Konstance.Nahum@gmail.com,police officer,11/30/2020,Cambodia,Raleigh
558,Jaclyn,Kinnard,Jaclyn.Kinnard@gmail.com,police officer,12/10/2020,Pitcairn,Algiers
559,Belva,Saint,Belva.Saint@gmail.com,doctor,1/11/2021,Jordan,Cali
560,Rhea,Croix,Rhea.Croix@gmail.com,police officer,2/26/2021,Italy,St. John's
561,Kelly,Belldas,Kelly.Belldas@gmail.com,developer,3/26/2021,Mayotte,Port Hedland
562,Almeta,Hepsibah,Almeta.Hepsibah@gmail.com,worker,2/25/2022,Holy See (Vatican City State),Ulan Bator
563,Blondelle,Tengdin,Blondelle.Tengdin@gmail.com,developer,4/4/2021,Svalbard and Jan Mayen,Hyderabad
564,Alyda,Merell,Alyda.Merell@gmail.com,doctor,7/30/2020,Kiribati,Medellín
565,Ariela,Edee,Ariela.Edee@gmail.com,police officer,9/5/2021,Nigeria,Gold Coast
566,Yolane,Dearborn,Yolane.Dearborn@gmail.com,developer,2/3/2020,Swaziland,Iloilo City
567,Tami,Chobot,Tami.Chobot@gmail.com,police officer,9/22/2021,Tuvalu,Antofagasta
568,Dede,Reinke,Dede.Reinke@gmail.com,developer,9/8/2020,Chile,Jersey City
569,Roberta,Nerita,Roberta.Nerita@gmail.com,developer,5/30/2022,Germany,Colombo
570,Rosabelle,Urias,Rosabelle.Urias@gmail.com,police officer,10/20/2021,Turks and Caicos Islands,Kuching
571,Yolane,Hewitt,Yolane.Hewitt@gmail.com,worker,1/24/2022,Philippines,Amman
572,Valli,Damarra,Valli.Damarra@gmail.com,developer,3/29/2022,Timor-Leste,Port Vila
573,Belva,Loring,Belva.Loring@gmail.com,police officer,4/23/2022,New Zealand,Kawasaki
574,Tiffie,Greenwald,Tiffie.Greenwald@gmail.com,doctor,12/16/2021,Benin,Curitiba
575,Ruthe,Fosque,Ruthe.Fosque@gmail.com,doctor,2/19/2022,Swaziland,San Antonio
576,Raina,Zachary,Raina.Zachary@gmail.com,doctor,12/14/2020,Ukraine,Chiang Mai
577,Fina,Bebe,Fina.Bebe@gmail.com,worker,1/16/2022,Central African Republic,Paramaribo
578,Fernande,Publia,Fernande.Publia@gmail.com,worker,3/26/2021,Czech Republic,Austin
579,Ezmeralda,Goode,Ezmeralda.Goode@gmail.com,developer,4/16/2021,Jamaica,Brussels
580,Elsie,Bahr,Elsie.Bahr@gmail.com,firefighter,7/10/2020,"Virgin Islands, U.S.",Warsaw
581,Farrah,Juan,Farrah.Juan@gmail.com,police officer,3/12/2021,Paraguay,Tirana
582,Steffane,Therine,Steffane.Therine@gmail.com,police officer,6/18/2022,"Moldova, Republic of",Santa Cruz de Tenerife
583,Atlanta,Rolf,Atlanta.Rolf@gmail.com,developer,11/12/2021,Macao,Dakar
584,Emilia,Malvino,Emilia.Malvino@gmail.com,worker,3/20/2021,Switzerland,Kota Bharu
585,Selia,Morrill,Selia.Morrill@gmail.com,police officer,10/6/2020,Fiji,Hanoi
586,Danny,Clywd,Danny.Clywd@gmail.com,worker,12/4/2021,Indonesia,Manila
587,Annecorinne,Horan,Annecorinne.Horan@gmail.com,firefighter,12/9/2020,Niger,Belize City
588,Wendi,Dimitris,Wendi.Dimitris@gmail.com,police officer,11/8/2020,Albania,Freetown
589,Aryn,Vernier,Aryn.Vernier@gmail.com,worker,6/2/2022,India,Antofagasta
590,Helena,Malanie,Helena.Malanie@gmail.com,developer,1/15/2020,Bahrain,Tallinn
591,Hallie,Oneida,Hallie.Oneida@gmail.com,doctor,3/11/2022,Nigeria,Hamburg
592,Paola,Fitzsimmons,Paola.Fitzsimmons@gmail.com,doctor,8/8/2021,Cook Islands,Taichung
593,Lanae,Alwin,Lanae.Alwin@gmail.com,firefighter,5/26/2020,Eritrea,Bloemfontein
594,Cherilyn,Jefferey,Cherilyn.Jefferey@gmail.com,worker,4/14/2020,Morocco,Hai Phong
595,Alia,Gunn,Alia.Gunn@gmail.com,doctor,1/23/2022,Myanmar,Nouakchott
596,Tamqrah,Rocray,Tamqrah.Rocray@gmail.com,developer,11/3/2021,Austria,Brussels
597,Gertrud,Stuart,Gertrud.Stuart@gmail.com,worker,8/17/2021,Macao,Cotonou
598,Addia,Tamsky,Addia.Tamsky@gmail.com,police officer,5/22/2022,Cape Verde,Antwerp
599,Sharai,Ajay,Sharai.Ajay@gmail.com,worker,9/2/2020,Mozambique,Vitória
600,Goldie,Dorcy,Goldie.Dorcy@gmail.com,developer,1/22/2020,Syrian Arab Republic,Nouméa
601,Rivalee,Garbe,Rivalee.Garbe@gmail.com,developer,11/20/2021,Jordan,Lusaka
602,Dorice,Lindemann,Dorice.Lindemann@gmail.com,doctor,9/17/2020,Uganda,Bissau
603,Daphne,Creamer,Daphne.Creamer@gmail.com,developer,6/19/2021,Colombia,Valletta
604,Xylina,Valoniah,Xylina.Valoniah@gmail.com,police officer,6/24/2021,Montserrat,Kathmandu
605,Danny,Daveta,Danny.Daveta@gmail.com,doctor,12/3/2021,Congo,Bridgetown
606,Daune,Wu,Daune.Wu@gmail.com,developer,12/30/2020,Saint Lucia,Louisville
607,Fred,Allina,Fred.Allina@gmail.com,firefighter,3/11/2020,Ecuador,Siem Reap
608,Florie,Gualtiero,Florie.Gualtiero@gmail.com,developer,7/9/2020,Bosnia and Herzegovina,Dallas
609,Marinna,Willie,Marinna.Willie@gmail.com,firefighter,5/13/2021,Monaco,Ho Chi Minh City
610,Frank,McNully,Frank.McNully@gmail.com,firefighter,1/10/2021,British Indian Ocean Territory,Vladivostok
611,Vere,Knowling,Vere.Knowling@gmail.com,doctor,11/19/2021,Argentina,Castries
612,Brana,Tyson,Brana.Tyson@gmail.com,doctor,3/19/2021,Tonga,Basra
613,Joeann,Lamoree,Joeann.Lamoree@gmail.com,police officer,6/2/2022,Cyprus,Istanbul
614,Valli,Afton,Valli.Afton@gmail.com,developer,4/5/2021,Turkmenistan,Quebec City
615,Jackie,Alejoa,Jackie.Alejoa@gmail.com,doctor,1/10/2022,Pitcairn,Berlin
616,Ninnetta,Peonir,Ninnetta.Peonir@gmail.com,firefighter,1/19/2020,"Cote D""Ivoire",Ushuaia
617,Vinita,Fosque,Vinita.Fosque@gmail.com,police officer,6/8/2020,Samoa,Adana
618,Joane,Nunci,Joane.Nunci@gmail.com,police officer,9/14/2021,Mozambique,Dammam
619,Britte,Bethany,Britte.Bethany@gmail.com,police officer,12/10/2021,Norfolk Island,Belmopan
620,Taffy,Teryn,Taffy.Teryn@gmail.com,developer,7/30/2020,Uzbekistan,Ankara
621,Ivett,Holbrook,Ivett.Holbrook@gmail.com,worker,7/29/2022,Nicaragua,Hilo
622,Leeanne,Monk,Leeanne.Monk@gmail.com,doctor,9/29/2020,Tunisia,Gangtok
623,Amalie,Mott,Amalie.Mott@gmail.com,firefighter,2/10/2022,Kiribati,Marseille
624,Linet,Giff,Linet.Giff@gmail.com,developer,11/26/2021,Cyprus,Yekaterinburg
625,Codie,Ranjiv,Codie.Ranjiv@gmail.com,worker,6/30/2020,Montserrat,Assis
626,Theodora,Carey,Theodora.Carey@gmail.com,doctor,8/8/2020,Namibia,Srinagar
627,Wilma,Stacy,Wilma.Stacy@gmail.com,doctor,4/24/2022,Mexico,Sukhumi
628,Hyacinthe,Lymann,Hyacinthe.Lymann@gmail.com,firefighter,8/24/2021,Botswana,Podgorica
629,Nadine,Nea,Nadine.Nea@gmail.com,doctor,1/27/2020,Malawi,San Antonio
630,Goldie,O'Neill,Goldie.O'Neill@gmail.com,doctor,10/5/2020,Saint Kitts and Nevis,Madrid
631,Hollie,Stilwell,Hollie.Stilwell@gmail.com,police officer,7/17/2022,Lithuania,Konya
632,Ayn,Romelda,Ayn.Romelda@gmail.com,developer,10/5/2020,Azerbaijan,Zamboanga City
633,Elora,Carmena,Elora.Carmena@gmail.com,police officer,11/16/2021,Costa Rica,Surat
634,Marline,Ferrell,Marline.Ferrell@gmail.com,firefighter,11/3/2021,Turkey,Porto-Novo
635,Magdalena,Chick,Magdalena.Chick@gmail.com,developer,4/7/2020,Lebanon,Port-au-Prince
636,Elise,Cherianne,Elise.Cherianne@gmail.com,police officer,3/7/2021,Montserrat,Sofia
637,Roslyn,Kalinda,Roslyn.Kalinda@gmail.com,police officer,3/23/2022,Isle of Man,Espoo
638,Gwyneth,Amethist,Gwyneth.Amethist@gmail.com,doctor,6/15/2021,Austria,London
639,Jenda,Ingra,Jenda.Ingra@gmail.com,doctor,3/7/2022,Switzerland,Podgorica
640,Jasmina,Destinee,Jasmina.Destinee@gmail.com,doctor,1/2/2022,Guinea,Tianjin
641,Rosabelle,Dom,Rosabelle.Dom@gmail.com,worker,9/7/2021,Australia,Norilsk
642,Mary,Egbert,Mary.Egbert@gmail.com,firefighter,6/4/2022,Estonia,Harbin
643,Gabi,Carri,Gabi.Carri@gmail.com,developer,7/26/2020,Falkland Islands (Malvinas),Cincinnati
644,Collen,Gombach,Collen.Gombach@gmail.com,developer,2/18/2020,"Micronesia, Federated States of",Semarang
645,Kary,Hilbert,Kary.Hilbert@gmail.com,developer,2/14/2022,Åland Islands,Tunis
646,Oralee,Carolin,Oralee.Carolin@gmail.com,firefighter,12/13/2020,France,Longyearbyen
647,Jerry,Merell,Jerry.Merell@gmail.com,worker,7/13/2022,Czech Republic,Kunming
648,Kalina,Dom,Kalina.Dom@gmail.com,worker,3/3/2020,Paraguay,Fredericton
649,Susan,Aaberg,Susan.Aaberg@gmail.com,worker,6/17/2021,Argentina,Charlotte Amalie
650,Ilse,Tatianas,Ilse.Tatianas@gmail.com,doctor,8/13/2020,Chad,Sucre
651,Mureil,Faso,Mureil.Faso@gmail.com,police officer,2/9/2020,Sweden,Ankara
652,Shaine,Vittoria,Shaine.Vittoria@gmail.com,firefighter,3/8/2022,Turkey,Yakutsk
653,Dale,Fennessy,Dale.Fennessy@gmail.com,police officer,11/26/2021,Burkina Faso,Multan
654,Ayn,Rooney,Ayn.Rooney@gmail.com,police officer,4/8/2022,India,Mecca
655,Jany,Corabella,Jany.Corabella@gmail.com,police officer,2/23/2022,Kuwait,Tripoli
656,Jaclyn,Merell,Jaclyn.Merell@gmail.com,worker,9/28/2021,Sudan,Ottawa
657,Tabbatha,Klotz,Tabbatha.Klotz@gmail.com,police officer,2/6/2020,Lesotho,Djibouti (city)
658,Merle,Kellby,Merle.Kellby@gmail.com,police officer,5/22/2022,Dominican Republic,Hamburg
659,Lanae,Leffen,Lanae.Leffen@gmail.com,developer,7/20/2021,Luxembourg,Puerto Williams
660,Estell,Drisko,Estell.Drisko@gmail.com,doctor,10/17/2021,Antarctica,Paramaribo
661,Shannah,Publia,Shannah.Publia@gmail.com,worker,7/4/2020,Gambia,Multan
662,Belva,Dituri,Belva.Dituri@gmail.com,firefighter,6/1/2022,Vanuatu,Washington
663,Priscilla,Miru,Priscilla.Miru@gmail.com,developer,11/19/2021,Guyana,Tucson
664,Lynde,Ochs,Lynde.Ochs@gmail.com,firefighter,7/2/2021,Heard Island and Mcdonald Islands,İzmir
665,Mady,Klotz,Mady.Klotz@gmail.com,police officer,11/24/2020,Uganda,Mersin
666,Juliane,Havens,Juliane.Havens@gmail.com,police officer,3/5/2020,Tuvalu,Saskatoon
667,Queenie,Elsinore,Queenie.Elsinore@gmail.com,worker,10/20/2020,Madagascar,Hiroshima
668,Blake,Allina,Blake.Allina@gmail.com,worker,1/18/2020,"Palestinian Territory, Occupied",Lobamba
669,Mathilda,Quent,Mathilda.Quent@gmail.com,doctor,11/24/2021,French Southern Territories,Nanning
670,Concettina,Connelly,Concettina.Connelly@gmail.com,firefighter,9/28/2020,Estonia,Prague
671,Adriana,Leary,Adriana.Leary@gmail.com,worker,4/24/2021,Guernsey,Dublin
672,Ashlee,Roarke,Ashlee.Roarke@gmail.com,developer,1/24/2022,Peru,Quito
673,Zia,Elo,Zia.Elo@gmail.com,firefighter,5/24/2022,Afghanistan,Panama City
674,Theodora,Iphlgenia,Theodora.Iphlgenia@gmail.com,doctor,3/7/2021,Anguilla,Gdańsk
675,Hyacinthe,Bertold,Hyacinthe.Bertold@gmail.com,developer,12/11/2020,Nauru,Samara
676,Mignon,Woodberry,Mignon.Woodberry@gmail.com,doctor,8/1/2020,"Micronesia, Federated States of",Cockburn Town
677,Cherrita,Luhe,Cherrita.Luhe@gmail.com,worker,3/24/2021,AndorrA,Yamoussoukro
678,Evita,Regan,Evita.Regan@gmail.com,doctor,6/17/2021,Mayotte,Kaesong
679,Gusty,Jess,Gusty.Jess@gmail.com,police officer,10/10/2021,Bulgaria,Johannesburg
680,Ekaterina,Philipp,Ekaterina.Philipp@gmail.com,worker,9/22/2021,Pakistan,Nashville
681,Teriann,Olympium,Teriann.Olympium@gmail.com,worker,1/28/2022,Gabon,Birmingham
682,Joceline,Elbertina,Joceline.Elbertina@gmail.com,doctor,8/9/2020,Liberia,Patna
683,Meriel,Skell,Meriel.Skell@gmail.com,firefighter,9/1/2021,British Indian Ocean Territory,Sana'a
684,Roseline,Mathilde,Roseline.Mathilde@gmail.com,worker,12/3/2021,Gibraltar,Roseau
685,Ninnetta,Even,Ninnetta.Even@gmail.com,worker,5/31/2021,Swaziland,Honiara
686,Hayley,Nedrud,Hayley.Nedrud@gmail.com,developer,8/28/2021,Qatar,Palma
687,Lilith,Darrell,Lilith.Darrell@gmail.com,worker,6/2/2020,Åland Islands,Sukhumi
688,Cassandra,Leonard,Cassandra.Leonard@gmail.com,developer,12/11/2021,Hungary,Anchorage
689,Justinn,Cristi,Justinn.Cristi@gmail.com,developer,7/30/2021,Bolivia,Curitiba
690,Rani,Killigrew,Rani.Killigrew@gmail.com,worker,11/23/2021,Faroe Islands,Handan
691,Kore,Tiffa,Kore.Tiffa@gmail.com,developer,10/11/2020,Samoa,Harbin
692,Nataline,Valoniah,Nataline.Valoniah@gmail.com,police officer,7/18/2021,Japan,Port Hedland
693,Meg,Dex,Meg.Dex@gmail.com,police officer,4/11/2022,Samoa,Tunis
694,Dede,Bigner,Dede.Bigner@gmail.com,developer,2/8/2020,United States,Kyoto
695,Deane,Lamoree,Deane.Lamoree@gmail.com,developer,10/13/2021,Jersey,Amsterdam
696,Jessamyn,Hartnett,Jessamyn.Hartnett@gmail.com,worker,6/27/2021,Myanmar,Lima
697,Dianemarie,Pascia,Dianemarie.Pascia@gmail.com,doctor,11/5/2021,Montserrat,Gdańsk
698,Cordi,Autrey,Cordi.Autrey@gmail.com,police officer,3/4/2021,Central African Republic,Cork (city)
699,Celene,Cherianne,Celene.Cherianne@gmail.com,firefighter,10/19/2021,Viet Nam,Bucharest
700,Tersina,Breed,Tersina.Breed@gmail.com,worker,2/4/2022,Switzerland,Curitiba
701,Doralynne,Fairweather,Doralynne.Fairweather@gmail.com,developer,8/19/2021,Peru,Jacksonville
702,Monika,Eachern,Monika.Eachern@gmail.com,worker,11/29/2020,Guyana,Paris
703,Alameda,Jorgan,Alameda.Jorgan@gmail.com,developer,10/8/2020,Costa Rica,Mexico City
704,Jessy,Kenwood,Jessy.Kenwood@gmail.com,developer,11/9/2021,Jordan,Amsterdam
705,Hyacinthe,Sprage,Hyacinthe.Sprage@gmail.com,police officer,7/20/2022,Saint Lucia,Basse-Terre
706,Harrietta,Braun,Harrietta.Braun@gmail.com,developer,10/14/2021,Cayman Islands,Lyon
707,Daune,Tybald,Daune.Tybald@gmail.com,firefighter,7/1/2022,Wallis and Futuna,Road Town
708,Gilligan,Granoff,Gilligan.Granoff@gmail.com,developer,12/14/2020,French Guiana,Ankara
709,Eolanda,Johnsson,Eolanda.Johnsson@gmail.com,police officer,2/20/2021,Timor-Leste,Beirut
710,Dorice,Schlosser,Dorice.Schlosser@gmail.com,worker,4/27/2022,China,Ankara
711,Belva,Fiann,Belva.Fiann@gmail.com,firefighter,8/13/2021,Vanuatu,Dibrugarh
712,Corry,Hachmin,Corry.Hachmin@gmail.com,police officer,5/7/2022,Madagascar,Omdurman
713,Lorie,Kamaria,Lorie.Kamaria@gmail.com,developer,4/28/2020,Antigua and Barbuda,Lima
714,Kenna,Posner,Kenna.Posner@gmail.com,doctor,12/17/2021,"Virgin Islands, British",Memphis
715,Rochette,Helfand,Rochette.Helfand@gmail.com,police officer,7/19/2021,Madagascar,Doha
716,Dyann,Jacobah,Dyann.Jacobah@gmail.com,firefighter,2/22/2021,Lesotho,Amman
717,Shandie,Maurine,Shandie.Maurine@gmail.com,worker,7/22/2022,Lithuania,Virginia Beach
718,Aaren,Gordon,Aaren.Gordon@gmail.com,firefighter,8/17/2020,Ghana,Horta (Azores)
719,Liana,Lanita,Liana.Lanita@gmail.com,police officer,12/20/2020,Norfolk Island,Oranjestad
720,Ileana,Ade,Ileana.Ade@gmail.com,police officer,1/27/2020,Guyana,Düsseldorf
721,Gwyneth,Bollay,Gwyneth.Bollay@gmail.com,doctor,2/9/2022,"Cote D""Ivoire",Skopje
722,Beatriz,Quinn,Beatriz.Quinn@gmail.com,doctor,8/2/2021,Turkey,Douglas
723,Blinni,Fink,Blinni.Fink@gmail.com,police officer,9/2/2020,Congo,Houston
724,Ellette,Vivle,Ellette.Vivle@gmail.com,worker,7/6/2021,United States Minor Outlying Islands,Anadyr (town)
725,Cissiee,Dudley,Cissiee.Dudley@gmail.com,worker,10/14/2020,Isle of Man,Leipzig
726,Halette,Modie,Halette.Modie@gmail.com,firefighter,6/20/2022,Guinea,Mashhad
727,Janey,Seessel,Janey.Seessel@gmail.com,police officer,8/16/2020,Svalbard and Jan Mayen,Tijuana
728,Nita,Celestine,Nita.Celestine@gmail.com,doctor,11/5/2021,Ecuador,Monterrey
729,Lulita,Rese,Lulita.Rese@gmail.com,firefighter,8/22/2020,Comoros,Santiago de Cuba
730,Anthia,Burnside,Anthia.Burnside@gmail.com,firefighter,3/13/2022,Kyrgyzstan,Arbil
731,Minne,Fitzsimmons,Minne.Fitzsimmons@gmail.com,worker,6/7/2020,Estonia,Freetown
732,Brynna,Stover,Brynna.Stover@gmail.com,firefighter,3/2/2021,Myanmar,Assis
733,Arlina,Letsou,Arlina.Letsou@gmail.com,police officer,6/15/2022,United States Minor Outlying Islands,Novosibirsk
734,Kathy,Tryck,Kathy.Tryck@gmail.com,firefighter,7/26/2021,Monaco,Cardiff
735,Eadie,Natalia,Eadie.Natalia@gmail.com,police officer,2/18/2020,Argentina,San José
736,Gertrud,Bohlin,Gertrud.Bohlin@gmail.com,developer,7/7/2020,Colombia,Pago Pago
737,Annaliese,Sawtelle,Annaliese.Sawtelle@gmail.com,firefighter,5/4/2020,Togo,Asmara
738,Brana,Anis,Brana.Anis@gmail.com,firefighter,8/3/2021,Fiji,Johor Bahru
739,Gaylene,Friede,Gaylene.Friede@gmail.com,firefighter,12/20/2020,Hong Kong,George Town
740,Emmey,Francyne,Emmey.Francyne@gmail.com,worker,4/25/2021,Zimbabwe,Kano
741,Adele,Arquit,Adele.Arquit@gmail.com,firefighter,10/22/2020,Iraq,Athens
742,Pamella,Bergman,Pamella.Bergman@gmail.com,worker,9/29/2021,Venezuela,Mumbai
743,Jerry,Birdella,Jerry.Birdella@gmail.com,doctor,2/9/2022,Thailand,Manila
744,Noelle,Bonilla,Noelle.Bonilla@gmail.com,doctor,12/28/2021,Italy,Columbus
745,Nollie,Ingra,Nollie.Ingra@gmail.com,firefighter,5/8/2020,Mauritania,Cannes
746,Marnia,Moseley,Marnia.Moseley@gmail.com,police officer,9/16/2021,Puerto Rico,Shenyang
747,Annora,Flyn,Annora.Flyn@gmail.com,police officer,9/12/2020,Kuwait,Saint John
748,Adelle,Zina,Adelle.Zina@gmail.com,police officer,3/30/2021,Northern Mariana Islands,Brazzaville
749,Ketti,Granoff,Ketti.Granoff@gmail.com,worker,3/29/2022,Angola,Las Palmas de Gran Canaria
750,Penelopa,Alice,Penelopa.Alice@gmail.com,developer,1/5/2020,Czech Republic,Xi'an
751,Belinda,Carleen,Belinda.Carleen@gmail.com,police officer,7/4/2021,Guam,Dili
752,Leanna,Stephie,Leanna.Stephie@gmail.com,police officer,1/9/2022,Lebanon,Santo Domingo
753,Shauna,Arne,Shauna.Arne@gmail.com,police officer,7/24/2021,Qatar,Yaoundé
754,Glynnis,Primalia,Glynnis.Primalia@gmail.com,police officer,3/24/2022,Ethiopia,Glasgow
755,Sue,Juliet,Sue.Juliet@gmail.com,developer,7/23/2021,Russian Federation,Salzburg
756,Donetta,Amasa,Donetta.Amasa@gmail.com,developer,1/4/2022,Morocco,Porto
757,Margalo,Sigfrid,Margalo.Sigfrid@gmail.com,worker,4/29/2022,Afghanistan,Pune
758,Genovera,Libna,Genovera.Libna@gmail.com,firefighter,2/5/2020,Niue,City of San Marino
759,Shirlee,Oscar,Shirlee.Oscar@gmail.com,firefighter,4/26/2022,Syrian Arab Republic,Dakar
760,Donetta,Phaidra,Donetta.Phaidra@gmail.com,police officer,11/24/2021,United States,Dammam
761,Lanae,Nicoline,Lanae.Nicoline@gmail.com,firefighter,8/30/2020,Barbados,Cincinnati
762,Damaris,Blake,Damaris.Blake@gmail.com,doctor,1/20/2020,Guam,Douglas
763,Alameda,Bennie,Alameda.Bennie@gmail.com,doctor,6/6/2020,Lebanon,Nice
764,Kelly,Llovera,Kelly.Llovera@gmail.com,police officer,1/20/2021,Vanuatu,Charlotte
765,Beverley,Noelyn,Beverley.Noelyn@gmail.com,doctor,8/1/2021,United States Minor Outlying Islands,Davao City
766,Babita,Riordan,Babita.Riordan@gmail.com,developer,10/27/2020,United States Minor Outlying Islands,Durban
767,Clary,Liebermann,Clary.Liebermann@gmail.com,worker,3/27/2020,Ethiopia,Kraków
768,Evita,Blake,Evita.Blake@gmail.com,worker,12/10/2021,Indonesia,Srinagar
769,Mariele,Wilkinson,Mariele.Wilkinson@gmail.com,doctor,4/23/2022,Northern Mariana Islands,Damascus
770,Merci,Truc,Merci.Truc@gmail.com,worker,5/13/2022,Mauritius,Maceió
771,Elmira,Loeb,Elmira.Loeb@gmail.com,developer,5/9/2021,Jamaica,Ndola
772,Flory,Earlie,Flory.Earlie@gmail.com,developer,3/5/2021,China,Francistown
773,Amalie,Arvo,Amalie.Arvo@gmail.com,worker,5/2/2021,Burundi,Cayenne
774,Wendi,Velick,Wendi.Velick@gmail.com,police officer,12/18/2020,"Taiwan, Province of China",Dili
775,Stephanie,Mott,Stephanie.Mott@gmail.com,doctor,9/10/2021,Denmark,Agartala
776,Wilma,Izaak,Wilma.Izaak@gmail.com,firefighter,5/7/2020,AndorrA,Kandy
777,Cacilie,Aaberg,Cacilie.Aaberg@gmail.com,worker,2/24/2022,Estonia,Nakhon Ratchasima
778,Katharina,Bahr,Katharina.Bahr@gmail.com,developer,7/20/2022,Falkland Islands (Malvinas),Puebla
779,Tierney,Rugen,Tierney.Rugen@gmail.com,firefighter,3/25/2021,Venezuela,Kawasaki
780,Belva,Markman,Belva.Markman@gmail.com,doctor,12/13/2021,Libyan Arab Jamahiriya,Mbabane
781,Corina,Bollay,Corina.Bollay@gmail.com,police officer,5/13/2021,Netherlands,Cuiabá
782,Carolina,Stuart,Carolina.Stuart@gmail.com,firefighter,2/20/2021,Germany,Belfast
783,Laure,Brittani,Laure.Brittani@gmail.com,firefighter,12/8/2021,Mauritania,Alexandria
784,Karina,Berard,Karina.Berard@gmail.com,worker,4/27/2020,Venezuela,Darwin
785,Sue,Bobbee,Sue.Bobbee@gmail.com,firefighter,10/9/2021,Cambodia,Hilo
786,Dorice,Berne,Dorice.Berne@gmail.com,developer,12/17/2021,Central African Republic,Agartala
787,Millie,Lilas,Millie.Lilas@gmail.com,developer,3/27/2021,Japan,Edmonton
788,Elmira,Nadia,Elmira.Nadia@gmail.com,doctor,3/28/2020,Cameroon,Detroit
789,Jemie,Wallis,Jemie.Wallis@gmail.com,doctor,12/6/2020,Holy See (Vatican City State),Berlin
790,Elsie,Fry,Elsie.Fry@gmail.com,developer,12/17/2020,Nicaragua,Palembang
791,Aurelie,Lesley,Aurelie.Lesley@gmail.com,firefighter,5/13/2020,Norway,Forked River
792,Rosabelle,Boycey,Rosabelle.Boycey@gmail.com,developer,12/5/2021,United States,Chuí
793,Deirdre,Boycey,Deirdre.Boycey@gmail.com,firefighter,5/11/2022,Bhutan,Dongguan
794,Edith,Orlene,Edith.Orlene@gmail.com,doctor,7/7/2022,"Virgin Islands, British",Port Louis
795,Dominga,Septima,Dominga.Septima@gmail.com,developer,9/28/2021,Togo,Riyadh
796,Tilly,Rocray,Tilly.Rocray@gmail.com,police officer,2/1/2022,Senegal,Yellowknife
797,Britni,Elephus,Britni.Elephus@gmail.com,doctor,10/31/2020,Kazakhstan,Osaka
798,Sissy,Anyah,Sissy.Anyah@gmail.com,police officer,5/14/2022,Chile,Taiyuan
799,Luci,Kirbee,Luci.Kirbee@gmail.com,doctor,5/14/2021,"Iran, Islamic Republic Of",Taiyuan
800,Sybille,Robertson,Sybille.Robertson@gmail.com,doctor,3/17/2020,Papua New Guinea,San Fernando
801,Mahalia,Dudley,Mahalia.Dudley@gmail.com,doctor,1/3/2021,"Cote D""Ivoire",Adelaide
802,Binny,Jehu,Binny.Jehu@gmail.com,doctor,2/21/2021,Cayman Islands,Houston
803,Constance,Thomasina,Constance.Thomasina@gmail.com,developer,9/5/2020,Morocco,Karachi
804,Yvonne,Noman,Yvonne.Noman@gmail.com,doctor,6/14/2021,Christmas Island,Tripoli
805,Jany,Lauraine,Jany.Lauraine@gmail.com,doctor,9/5/2020,Turks and Caicos Islands,Malang
806,Nessie,Valoniah,Nessie.Valoniah@gmail.com,worker,6/8/2020,Mongolia,Kansas City
807,Benita,Mehalek,Benita.Mehalek@gmail.com,firefighter,5/17/2021,Anguilla,Kaesong
808,Gisela,Buttaro,Gisela.Buttaro@gmail.com,doctor,2/29/2020,Tokelau,Valdivia
809,Millie,Yerkovich,Millie.Yerkovich@gmail.com,doctor,11/22/2021,Saint Lucia,Murmansk
810,Claudina,Emmaline,Claudina.Emmaline@gmail.com,police officer,8/11/2020,Sierra Leone,Osaka
811,Amara,Peti,Amara.Peti@gmail.com,firefighter,7/23/2020,Cambodia,Honiara
812,Myrtice,Colyer,Myrtice.Colyer@gmail.com,worker,5/25/2022,Haiti,Zhengzhou
813,Kimmy,Minetta,Kimmy.Minetta@gmail.com,doctor,3/18/2021,Suriname,Shenzhen
814,Amara,Bevin,Amara.Bevin@gmail.com,worker,4/14/2022,Turks and Caicos Islands,Nouakchott
815,Ebonee,Wildermuth,Ebonee.Wildermuth@gmail.com,worker,3/11/2022,Uganda,Tijuana
816,Kimberley,Erich,Kimberley.Erich@gmail.com,worker,6/10/2020,Congo,N'Djamena
817,Lexine,Cleavland,Lexine.Cleavland@gmail.com,worker,10/7/2020,Viet Nam,Houston
818,Gavrielle,Thad,Gavrielle.Thad@gmail.com,firefighter,1/26/2022,AndorrA,Shigatse
819,Elena,Fiann,Elena.Fiann@gmail.com,doctor,7/5/2022,Guernsey,Antwerp
820,Karly,Wooster,Karly.Wooster@gmail.com,police officer,12/27/2020,Italy,Glasgow
821,Evita,Joeann,Evita.Joeann@gmail.com,worker,7/7/2022,Germany,Hargeisa
822,Gertrud,Chandler,Gertrud.Chandler@gmail.com,doctor,6/17/2022,Libyan Arab Jamahiriya,Alor Star
823,Jorry,Afton,Jorry.Afton@gmail.com,police officer,5/18/2021,Guinea,Panama City
824,Lacie,Earlie,Lacie.Earlie@gmail.com,worker,5/22/2020,Luxembourg,Nagoya
825,Theodora,Joachim,Theodora.Joachim@gmail.com,worker,7/24/2022,Czech Republic,Regina
826,Joceline,Merna,Joceline.Merna@gmail.com,police officer,3/8/2022,Suriname,Handan
827,Marnia,Darrell,Marnia.Darrell@gmail.com,police officer,1/18/2020,Malawi,Brasília
828,Renie,Uird,Renie.Uird@gmail.com,firefighter,3/14/2021,Botswana,Naypyidaw
829,Carmencita,Melan,Carmencita.Melan@gmail.com,doctor,8/26/2021,French Guiana,Alofi
830,Cherilyn,Kare,Cherilyn.Kare@gmail.com,firefighter,2/9/2020,Argentina,Castries
831,Randa,Kamaria,Randa.Kamaria@gmail.com,police officer,9/30/2020,Cayman Islands,Bahía Blanca
832,Ninnetta,Kare,Ninnetta.Kare@gmail.com,police officer,11/24/2020,Mauritania,Indianapolis
833,Christal,Connelly,Christal.Connelly@gmail.com,doctor,7/19/2022,Israel,Perth
834,Helena,Erminia,Helena.Erminia@gmail.com,doctor,4/10/2020,Palau,Medellín
835,Anthia,Gillan,Anthia.Gillan@gmail.com,developer,7/13/2020,"Taiwan, Province of China",Magadan
836,Gusty,Danby,Gusty.Danby@gmail.com,developer,7/25/2020,Italy,Pretoria
837,Mureil,Dearborn,Mureil.Dearborn@gmail.com,worker,7/7/2022,Slovakia,Bogotá
838,Grier,Melleta,Grier.Melleta@gmail.com,firefighter,9/1/2021,"Korea, Democratic People""S Republic of",Vladivostok
839,Natka,Thornburg,Natka.Thornburg@gmail.com,police officer,11/14/2020,Saint Helena,Port-au-Prince
840,Krystle,Posner,Krystle.Posner@gmail.com,developer,12/5/2021,Saint Lucia,Ushuaia
841,Maud,Delp,Maud.Delp@gmail.com,developer,2/19/2020,Turks and Caicos Islands,Hiroshima
842,Catharine,Stephie,Catharine.Stephie@gmail.com,doctor,5/29/2020,Sudan,Lomé
843,Maryellen,Gregrory,Maryellen.Gregrory@gmail.com,firefighter,1/29/2022,Central African Republic,Mogadishu
844,Mara,Kronfeld,Mara.Kronfeld@gmail.com,doctor,6/24/2022,Peru,Dar es Salaam
845,Dennie,Giule,Dennie.Giule@gmail.com,firefighter,1/24/2022,Sao Tome and Principe,Nassau
846,Lorie,Orelee,Lorie.Orelee@gmail.com,firefighter,8/22/2020,Austria,Bogotá
847,Shaine,Fax,Shaine.Fax@gmail.com,worker,6/6/2022,Gibraltar,Jaipur
848,Rhea,Holbrook,Rhea.Holbrook@gmail.com,police officer,2/7/2020,"Micronesia, Federated States of",Wellington
849,Angelique,Seagraves,Angelique.Seagraves@gmail.com,developer,7/26/2021,Antarctica,Praia
850,Dorice,Colyer,Dorice.Colyer@gmail.com,firefighter,1/1/2020,Haiti,Jerusalem
851,Latisha,Prober,Latisha.Prober@gmail.com,doctor,10/10/2020,"Taiwan, Province of China",Algiers
852,Dyann,Joachim,Dyann.Joachim@gmail.com,firefighter,3/29/2021,Sudan,Townsville
853,Celisse,Evvie,Celisse.Evvie@gmail.com,firefighter,10/13/2021,Canada,Seoul
854,Margalo,Ackerley,Margalo.Ackerley@gmail.com,worker,8/16/2021,Sierra Leone,Port Moresby
855,Marita,Penelopa,Marita.Penelopa@gmail.com,developer,8/14/2020,Swaziland,Mwanza
856,Britte,Toor,Britte.Toor@gmail.com,developer,12/27/2021,Peru,Ashgabat
857,Jessamyn,Hutchison,Jessamyn.Hutchison@gmail.com,police officer,1/5/2020,Trinidad and Tobago,Ndola
858,Cacilie,Chinua,Cacilie.Chinua@gmail.com,doctor,7/17/2021,Christmas Island,San Carlos de Bariloche
859,Atlanta,Maurine,Atlanta.Maurine@gmail.com,police officer,7/22/2021,"Korea, Republic of",Madrid
860,Daphne,Mitzi,Daphne.Mitzi@gmail.com,firefighter,8/28/2020,Angola,Doha
861,Barbara,Brian,Barbara.Brian@gmail.com,police officer,6/22/2020,Uruguay,Yerevan
862,Ardenia,Faro,Ardenia.Faro@gmail.com,doctor,1/1/2021,Tajikistan,Belfast
863,Merrie,Bluh,Merrie.Bluh@gmail.com,doctor,5/5/2021,Bermuda,Yamoussoukro
864,Devina,Dowski,Devina.Dowski@gmail.com,firefighter,1/8/2022,Australia,Palikir
865,Andree,Heisel,Andree.Heisel@gmail.com,police officer,10/10/2021,Uzbekistan,Montreal
866,Peri,Lane,Peri.Lane@gmail.com,developer,3/10/2021,Bolivia,Austin
867,Micheline,Bach,Micheline.Bach@gmail.com,developer,3/13/2021,"Moldova, Republic of",Libreville
868,Roberta,Noman,Roberta.Noman@gmail.com,developer,8/19/2021,Timor-Leste,Labasa
869,Candi,Waldron,Candi.Waldron@gmail.com,developer,8/18/2021,Solomon Islands,Valparaíso
870,Brooks,Hamil,Brooks.Hamil@gmail.com,worker,11/11/2021,Greenland,Tagbilaran
871,Hayley,Hazlett,Hayley.Hazlett@gmail.com,worker,10/2/2020,Gambia,Raleigh
872,Tersina,Kronfeld,Tersina.Kronfeld@gmail.com,firefighter,5/2/2021,Cocos (Keeling) Islands,Salzburg
873,Cordi,Kellby,Cordi.Kellby@gmail.com,worker,2/12/2022,Papua New Guinea,Tashkent
874,Tierney,Eno,Tierney.Eno@gmail.com,police officer,4/14/2021,Antarctica,Tabriz
875,Lyssa,Holtz,Lyssa.Holtz@gmail.com,worker,6/7/2020,Solomon Islands,Townsville
876,Gerrie,Shelba,Gerrie.Shelba@gmail.com,worker,2/15/2020,Nicaragua,San Fernando
877,Merrie,Loeb,Merrie.Loeb@gmail.com,doctor,9/19/2020,"Congo, The Democratic Republic of the",Yogyakarta (city)
878,Genevra,Leopold,Genevra.Leopold@gmail.com,firefighter,12/4/2020,Brunei Darussalam,Luanda
879,Madeleine,Schenck,Madeleine.Schenck@gmail.com,worker,10/11/2020,Sri Lanka,Lyon
880,Vevay,Remmer,Vevay.Remmer@gmail.com,police officer,12/18/2021,Senegal,Bandar Seri Begawan
881,Zondra,Euridice,Zondra.Euridice@gmail.com,developer,8/24/2021,Palau,Las Palmas de Gran Canaria
882,Ada,Wadell,Ada.Wadell@gmail.com,developer,4/24/2022,Sudan,Calgary
883,Silvana,Lesley,Silvana.Lesley@gmail.com,firefighter,2/18/2022,Germany,Detroit
884,Binny,Wind,Binny.Wind@gmail.com,firefighter,5/12/2021,Germany,Accra
885,Sharai,Calhoun,Sharai.Calhoun@gmail.com,firefighter,1/28/2022,Mexico,Lucknow
886,Nessie,Ricki,Nessie.Ricki@gmail.com,firefighter,1/1/2020,Argentina,Nouméa
887,Frieda,Mandler,Frieda.Mandler@gmail.com,firefighter,3/26/2021,"Palestinian Territory, Occupied",Tianjin
888,Alyda,Zuzana,Alyda.Zuzana@gmail.com,firefighter,5/31/2021,Greenland,Wichita
889,Reeba,Yerkovich,Reeba.Yerkovich@gmail.com,police officer,2/28/2020,Cuba,Kharkiv
890,Hermione,Greyson,Hermione.Greyson@gmail.com,worker,2/24/2020,Vanuatu,Chişinău
891,Rhoda,Judye,Rhoda.Judye@gmail.com,worker,7/12/2022,Viet Nam,Kandahar
892,Dominga,Garrison,Dominga.Garrison@gmail.com,firefighter,2/6/2021,United States Minor Outlying Islands,Zhengzhou
893,Marjie,Kussell,Marjie.Kussell@gmail.com,worker,3/10/2022,Mexico,Chittagong
894,Collen,Raama,Collen.Raama@gmail.com,police officer,7/13/2020,Mauritius,Sarajevo
895,Mariann,Dash,Mariann.Dash@gmail.com,police officer,6/3/2022,Equatorial Guinea,Guatemala City
896,Ida,Lamoree,Ida.Lamoree@gmail.com,firefighter,3/15/2020,Mali,Bissau
897,Lonnie,Nance,Lonnie.Nance@gmail.com,firefighter,11/24/2021,Lebanon,Jakarta
898,Frances,Kiyoshi,Frances.Kiyoshi@gmail.com,police officer,3/14/2021,Wallis and Futuna,Hanover
899,Jan,Fleeta,Jan.Fleeta@gmail.com,firefighter,8/6/2020,Sudan,Dibrugarh
900,Noelle,Johnsson,Noelle.Johnsson@gmail.com,developer,7/10/2020,Trinidad and Tobago,Bandung
901,Ardys,Stav,Ardys.Stav@gmail.com,police officer,4/15/2021,Guinea,Pekanbaru
902,Heida,Glovsky,Heida.Glovsky@gmail.com,police officer,11/13/2021,Sao Tome and Principe,Kota Bharu
903,Stacey,Jena,Stacey.Jena@gmail.com,police officer,11/4/2021,Tajikistan,Oklahoma City
904,Silvana,Rosette,Silvana.Rosette@gmail.com,doctor,3/20/2022,Central African Republic,Perth
905,Vivia,Pitt,Vivia.Pitt@gmail.com,developer,9/16/2021,Pakistan,Ndola
906,Jacenta,Linehan,Jacenta.Linehan@gmail.com,developer,5/29/2020,Yemen,Khartoum
907,Orelia,Wenda,Orelia.Wenda@gmail.com,doctor,6/2/2022,Indonesia,Apia
908,Sandie,Alabaster,Sandie.Alabaster@gmail.com,firefighter,2/9/2022,American Samoa,Tampa
909,Lila,Rheingold,Lila.Rheingold@gmail.com,police officer,5/9/2021,Libyan Arab Jamahiriya,New Delhi
910,Gwyneth,Yerkovich,Gwyneth.Yerkovich@gmail.com,doctor,7/13/2022,Belize,Majuro
911,Dione,Genna,Dione.Genna@gmail.com,firefighter,2/1/2021,Burundi,Nantes
912,Pierette,Strephon,Pierette.Strephon@gmail.com,developer,6/17/2021,AndorrA,Ulan Bator
913,Maud,Tarrant,Maud.Tarrant@gmail.com,doctor,10/10/2020,Niger,Denver
914,Angela,Germann,Angela.Germann@gmail.com,doctor,2/2/2020,Liberia,Buffalo
915,Priscilla,Chick,Priscilla.Chick@gmail.com,police officer,3/30/2021,Saint Helena,Vilnius
916,Karina,Saint,Karina.Saint@gmail.com,developer,5/5/2021,Czech Republic,Naples
917,Jolyn,Shaver,Jolyn.Shaver@gmail.com,doctor,3/12/2021,Italy,Veracruz
918,Linzy,Rubie,Linzy.Rubie@gmail.com,worker,4/19/2022,Zambia,Surabaya
919,Leia,Marlie,Leia.Marlie@gmail.com,police officer,8/29/2020,Norway,Bangkok
920,Margette,Gregrory,Margette.Gregrory@gmail.com,worker,4/11/2021,Liechtenstein,Doha
921,Caressa,Hedve,Caressa.Hedve@gmail.com,firefighter,6/27/2022,Slovenia,Calgary
922,Priscilla,Oster,Priscilla.Oster@gmail.com,firefighter,7/1/2021,Zambia,Yerevan
923,Mathilda,Dom,Mathilda.Dom@gmail.com,worker,12/20/2021,Chile,Ottawa
924,Micheline,Tarrant,Micheline.Tarrant@gmail.com,firefighter,11/13/2021,Turkmenistan,Bulawayo
925,Thalia,Israeli,Thalia.Israeli@gmail.com,developer,2/26/2022,"Tanzania, United Republic of",Zapopan
926,Ekaterina,Avi,Ekaterina.Avi@gmail.com,doctor,8/25/2021,Lithuania,Strasbourg
927,Winifred,Screens,Winifred.Screens@gmail.com,worker,9/18/2020,Reunion,Douglas
928,Evita,Maurine,Evita.Maurine@gmail.com,worker,6/14/2021,Dominica,Chişinău
929,Renae,Gunn,Renae.Gunn@gmail.com,firefighter,4/5/2021,Bolivia,Hobart
930,Britni,Pernick,Britni.Pernick@gmail.com,firefighter,12/1/2020,Cocos (Keeling) Islands,Tripoli
931,Catrina,Claudine,Catrina.Claudine@gmail.com,developer,3/27/2022,Togo,Lahore
932,Jacenta,Norvol,Jacenta.Norvol@gmail.com,firefighter,9/29/2021,Uzbekistan,The Valley
933,Jaime,Annice,Jaime.Annice@gmail.com,worker,3/10/2020,Sudan,Kolkata
934,Clo,MacIntosh,Clo.MacIntosh@gmail.com,developer,8/14/2021,South Georgia and the South Sandwich Islands,Tampa
935,Belva,Wiener,Belva.Wiener@gmail.com,worker,1/23/2021,Bulgaria,Pontianak
936,Feliza,Kristi,Feliza.Kristi@gmail.com,developer,6/27/2020,AndorrA,Port Vila
937,Kamilah,Marisa,Kamilah.Marisa@gmail.com,developer,6/18/2021,Sweden,Sukhumi
938,Janis,Hillel,Janis.Hillel@gmail.com,worker,8/8/2020,Ecuador,Dededo
939,Madalyn,Madox,Madalyn.Madox@gmail.com,firefighter,2/25/2022,Anguilla,Auckland
940,Sybille,Mich,Sybille.Mich@gmail.com,worker,9/22/2020,"Congo, The Democratic Republic of the",Ipoh
941,Lelah,Stover,Lelah.Stover@gmail.com,doctor,3/5/2021,American Samoa,Ankara
942,Mathilda,Calhoun,Mathilda.Calhoun@gmail.com,doctor,5/3/2021,Afghanistan,Quebec City
943,Orsola,Nea,Orsola.Nea@gmail.com,police officer,4/21/2022,Venezuela,Nakhon Ratchasima
944,Georgetta,Munn,Georgetta.Munn@gmail.com,doctor,8/29/2020,Reunion,Busan
945,Tobe,Edee,Tobe.Edee@gmail.com,worker,2/10/2020,Antarctica,Whitehorse
946,Josephine,Dermott,Josephine.Dermott@gmail.com,doctor,10/19/2021,Central African Republic,Petropavlovsk-Kamchatsky
947,Ashlee,Kylander,Ashlee.Kylander@gmail.com,police officer,5/14/2020,Myanmar,Saskatoon
948,Margarette,Dichy,Margarette.Dichy@gmail.com,developer,4/16/2022,Oman,Paris
949,Ardeen,Katrine,Ardeen.Katrine@gmail.com,firefighter,2/5/2020,Montserrat,Cannes
950,Ricky,Dermott,Ricky.Dermott@gmail.com,firefighter,9/28/2020,United States,Charlottetown
951,Dawn,Ries,Dawn.Ries@gmail.com,firefighter,4/7/2021,Dominica,Kabul
952,Dianemarie,Anderea,Dianemarie.Anderea@gmail.com,police officer,1/29/2020,Oman,Los Angeles
953,Jorry,Talia,Jorry.Talia@gmail.com,doctor,7/2/2022,Nigeria,Nanjing
954,Darci,Cosenza,Darci.Cosenza@gmail.com,doctor,11/17/2020,Equatorial Guinea,Chongqing
955,Shauna,Ashok,Shauna.Ashok@gmail.com,developer,5/30/2022,South Africa,Baku
956,Joceline,Kiyoshi,Joceline.Kiyoshi@gmail.com,police officer,3/18/2020,Uruguay,Jaipur
957,Damaris,Jacinda,Damaris.Jacinda@gmail.com,police officer,11/5/2021,Marshall Islands,Nice
958,Evita,August,Evita.August@gmail.com,police officer,12/27/2021,Zambia,Makati City
959,Emmey,Urias,Emmey.Urias@gmail.com,firefighter,2/27/2020,Cook Islands,Riga
960,Darlleen,Trey,Darlleen.Trey@gmail.com,firefighter,8/25/2021,Equatorial Guinea,Sana'a
961,Rochette,Wind,Rochette.Wind@gmail.com,developer,5/31/2020,Lesotho,Timbuktu
962,Sheree,Mallon,Sheree.Mallon@gmail.com,police officer,2/22/2020,Grenada,Rio Branco
963,Chickie,Sisile,Chickie.Sisile@gmail.com,police officer,3/22/2021,Portugal,Podgorica
964,Tracey,Wu,Tracey.Wu@gmail.com,doctor,6/20/2021,Ghana,Monaco
965,Arabel,Hachmin,Arabel.Hachmin@gmail.com,doctor,5/15/2020,Ukraine,Brazzaville
966,Emmey,Fredi,Emmey.Fredi@gmail.com,worker,8/14/2021,Brazil,Dili
967,Sara-Ann,Jacobah,Sara-Ann.Jacobah@gmail.com,police officer,9/17/2020,Estonia,Dededo
968,Carree,Claudine,Carree.Claudine@gmail.com,doctor,7/28/2022,Holy See (Vatican City State),Taichung
969,Lacie,Melleta,Lacie.Melleta@gmail.com,police officer,6/22/2021,Costa Rica,Tokyo
970,Janenna,Dearborn,Janenna.Dearborn@gmail.com,police officer,7/17/2020,Thailand,Vaduz
971,Charlena,Ophelia,Charlena.Ophelia@gmail.com,firefighter,4/30/2022,Hungary,Vitória
972,Gerianna,Mullane,Gerianna.Mullane@gmail.com,developer,8/2/2021,New Caledonia,Dodoma
973,Wendi,Billye,Wendi.Billye@gmail.com,doctor,3/8/2020,American Samoa,Chuí
974,Desirae,Clywd,Desirae.Clywd@gmail.com,police officer,7/22/2021,Turkey,Konya
975,Heida,Ethban,Heida.Ethban@gmail.com,worker,2/16/2022,Austria,Paramaribo
976,Allyce,Meter,Allyce.Meter@gmail.com,worker,10/9/2021,Afghanistan,Brussels
977,Harrietta,Arley,Harrietta.Arley@gmail.com,developer,4/26/2021,Sweden,Basse-Terre
978,Darlleen,Dawkins,Darlleen.Dawkins@gmail.com,firefighter,11/9/2020,Sri Lanka,Tartu
979,Anestassia,Thornburg,Anestassia.Thornburg@gmail.com,firefighter,10/31/2021,Austria,Luxembourg (city)
980,Joceline,Colp,Joceline.Colp@gmail.com,worker,9/28/2021,Azerbaijan,Tampa
981,Stevana,Constancy,Stevana.Constancy@gmail.com,police officer,5/21/2022,Isle of Man,Curitiba
982,Bobinette,Chobot,Bobinette.Chobot@gmail.com,firefighter,12/1/2020,Chile,Kandahar
983,Inga,Delila,Inga.Delila@gmail.com,developer,6/17/2022,Latvia,Budapest
984,Mellicent,Leary,Mellicent.Leary@gmail.com,firefighter,7/24/2022,Colombia,Blantyre
985,Andree,Georas,Andree.Georas@gmail.com,police officer,5/22/2022,Belize,Funafuti
986,Amara,Cressida,Amara.Cressida@gmail.com,developer,1/29/2021,Equatorial Guinea,Luxembourg (city)
987,Dawn,Percy,Dawn.Percy@gmail.com,firefighter,12/19/2021,Romania,Harare
988,Elie,Holbrook,Elie.Holbrook@gmail.com,worker,11/28/2020,Oman,Tel Aviv
989,Marcelline,Nerita,Marcelline.Nerita@gmail.com,worker,11/11/2021,Bahrain,Muscat
990,Eadie,Lasley,Eadie.Lasley@gmail.com,firefighter,4/30/2021,Seychelles,Manchester
991,Ermengarde,Brackely,Ermengarde.Brackely@gmail.com,doctor,10/13/2020,Peru,Medellín
992,Theodora,Peti,Theodora.Peti@gmail.com,police officer,10/14/2020,Somalia,Baghdad
993,Estell,Pozzy,Estell.Pozzy@gmail.com,police officer,9/27/2021,Cameroon,Ludhiana
994,Kirbee,Septima,Kirbee.Septima@gmail.com,police officer,10/25/2021,British Indian Ocean Territory,Tskhinvali
995,Sara-Ann,Ader,Sara-Ann.Ader@gmail.com,doctor,9/23/2020,Bulgaria,Kiev
996,Elise,Urania,Elise.Urania@gmail.com,worker,6/25/2022,Gibraltar,Djibouti (city)
997,Marinna,Bibi,Marinna.Bibi@gmail.com,police officer,4/25/2022,Greece,Espoo
998,Dulce,Muriel,Dulce.Muriel@gmail.com,worker,8/21/2021,Sudan,Norilsk
999,Rivalee,Greenwald,Rivalee.Greenwald@gmail.com,police officer,1/17/2020,Croatia,Antananarivo
1000,Ginnie,O'Carroll,Ginnie.O'Carroll@gmail.com,doctor,12/26/2021,Sao Tome and Principe,Malé
1001,Lory,Libna,Lory.Libna@gmail.com,worker,3/6/2020,Botswana,Shillong
1002,Kerrin,Bennie,Kerrin.Bennie@gmail.com,worker,12/9/2021,United Arab Emirates,Assis
1003,Marsiella,Toni,Marsiella.Toni@gmail.com,developer,12/20/2020,Cook Islands,Lagos
1004,Arlina,Gunn,Arlina.Gunn@gmail.com,worker,7/8/2020,Sierra Leone,Puebla
1005,Lorne,Guildroy,Lorne.Guildroy@gmail.com,doctor,7/5/2022,Haiti,Agartala
1006,Ronna,Peg,Ronna.Peg@gmail.com,firefighter,1/24/2021,Madagascar,Dongguan
1007,Grier,Ioab,Grier.Ioab@gmail.com,police officer,7/24/2021,Colombia,Anadyr (town)
1008,Philis,Isidore,Philis.Isidore@gmail.com,firefighter,1/24/2022,Senegal,Dallas
1009,Johna,Ciro,Johna.Ciro@gmail.com,police officer,4/28/2022,Romania,Okinawa
1010,Nananne,Koziara,Nananne.Koziara@gmail.com,worker,1/31/2020,Mozambique,Cockburn Town
1011,Heida,Manolo,Heida.Manolo@gmail.com,police officer,3/23/2022,Kuwait,Greenwich
1012,Gratia,Nance,Gratia.Nance@gmail.com,worker,10/22/2021,Kazakhstan,Chennai
1013,Layla,Lynn,Layla.Lynn@gmail.com,worker,6/3/2021,Ethiopia,Havana
1014,Luci,Celestine,Luci.Celestine@gmail.com,doctor,2/16/2021,Guinea,Saint Petersburg
1015,Chandra,Daniele,Chandra.Daniele@gmail.com,developer,9/9/2020,Peru,Surabaya
1016,Chastity,Rosemary,Chastity.Rosemary@gmail.com,police officer,9/15/2021,Anguilla,Yogyakarta (city)
1017,Fanchon,Hamil,Fanchon.Hamil@gmail.com,worker,4/11/2022,Sao Tome and Principe,Stuttgart
1018,Tera,Hunfredo,Tera.Hunfredo@gmail.com,police officer,1/12/2020,Ghana,Thiès
1019,Cacilie,Paine,Cacilie.Paine@gmail.com,firefighter,1/12/2022,Czech Republic,Lviv
1020,Jessy,Naashom,Jessy.Naashom@gmail.com,firefighter,4/24/2020,Martinique,Malacca Town
1021,Talya,Oneida,Talya.Oneida@gmail.com,worker,8/5/2020,San Marino,Lahore
1022,Darlleen,Phaidra,Darlleen.Phaidra@gmail.com,doctor,10/16/2020,British Indian Ocean Territory,Lubumbashi
1023,Flo,Mata,Flo.Mata@gmail.com,firefighter,7/30/2021,Afghanistan,Brussels
1024,Cristabel,Wesle,Cristabel.Wesle@gmail.com,worker,3/8/2021,Central African Republic,São José dos Campos
1025,Elena,Monaco,Elena.Monaco@gmail.com,developer,2/5/2021,Central African Republic,Palikir
1026,Tera,McAdams,Tera.McAdams@gmail.com,doctor,7/4/2020,Chad,Sucre
1027,Yolane,Linehan,Yolane.Linehan@gmail.com,police officer,9/25/2020,AndorrA,Taichung
1028,Dulcinea,Arne,Dulcinea.Arne@gmail.com,firefighter,12/3/2020,Angola,Banda Aceh
1029,Kamilah,Seagraves,Kamilah.Seagraves@gmail.com,firefighter,3/6/2021,Sri Lanka,Valparaíso
1030,Madeleine,Carey,Madeleine.Carey@gmail.com,police officer,9/3/2021,"Macedonia, The Former Yugoslav Republic of",Zhengzhou
1031,Laurene,Curren,Laurene.Curren@gmail.com,doctor,12/10/2020,Greenland,Baltimore
1032,Kalina,Presber,Kalina.Presber@gmail.com,developer,10/6/2020,New Zealand,Lomé
1033,Abbie,Billye,Abbie.Billye@gmail.com,doctor,1/30/2020,Ethiopia,Padang
1034,Mallory,Karna,Mallory.Karna@gmail.com,firefighter,10/9/2021,Falkland Islands (Malvinas),Huế
1035,Daryl,Braun,Daryl.Braun@gmail.com,worker,5/21/2022,Myanmar,Cotonou
1036,Giustina,Jerald,Giustina.Jerald@gmail.com,doctor,12/20/2021,Bulgaria,Fairbanks
1037,Susette,Faust,Susette.Faust@gmail.com,firefighter,12/19/2020,Kyrgyzstan,Lhasa
1038,Ernesta,Chapland,Ernesta.Chapland@gmail.com,police officer,7/20/2021,Australia,Zürich
1039,Elie,Posner,Elie.Posner@gmail.com,worker,12/25/2021,Algeria,Moroni
1040,Rochette,Quinn,Rochette.Quinn@gmail.com,doctor,1/29/2020,Bhutan,Moscow
1041,Daphne,Eckblad,Daphne.Eckblad@gmail.com,doctor,6/5/2021,"Congo, The Democratic Republic of the",Balikpapan
1042,Brana,Aida,Brana.Aida@gmail.com,developer,5/27/2020,Argentina,Luanda
1043,Jean,Yam,Jean.Yam@gmail.com,doctor,2/19/2022,"Micronesia, Federated States of",Ponta Delgada
1044,Charmaine,Hashim,Charmaine.Hashim@gmail.com,police officer,7/30/2021,Sierra Leone,Geneva
1045,Aili,Dowski,Aili.Dowski@gmail.com,doctor,5/14/2021,Uruguay,Port Moresby
1046,Iseabal,Toor,Iseabal.Toor@gmail.com,developer,2/3/2021,Fiji,Kota Bharu
1047,Claresta,Zamora,Claresta.Zamora@gmail.com,police officer,12/20/2020,Chile,Surat
1048,Lexine,Hebner,Lexine.Hebner@gmail.com,firefighter,10/17/2021,Nauru,Las Vegas
1049,Kamilah,Rozanna,Kamilah.Rozanna@gmail.com,doctor,1/2/2020,Burkina Faso,Tucson
1050,Belinda,Winthorpe,Belinda.Winthorpe@gmail.com,firefighter,11/21/2021,Guyana,Changchun
1051,Bobinette,Yusuk,Bobinette.Yusuk@gmail.com,worker,2/19/2022,Congo,Zürich
1052,Regina,Claudine,Regina.Claudine@gmail.com,developer,2/9/2020,Paraguay,Glasgow
1053,Libbie,Pulsifer,Libbie.Pulsifer@gmail.com,firefighter,1/24/2020,Portugal,Jinan
1054,Dania,Ellord,Dania.Ellord@gmail.com,police officer,3/8/2022,El Salvador,Strasbourg
1055,Tina,Haymes,Tina.Haymes@gmail.com,developer,6/4/2022,Georgia,Cebu City
1056,Elyssa,Simmonds,Elyssa.Simmonds@gmail.com,doctor,1/3/2022,Togo,Simferopol
1057,Jerry,Terencio,Jerry.Terencio@gmail.com,firefighter,10/20/2020,Burundi,Bulawayo
1058,Kore,Edvard,Kore.Edvard@gmail.com,police officer,10/27/2021,Kuwait,Glasgow
1059,Collen,Rubie,Collen.Rubie@gmail.com,doctor,5/9/2022,Panama,Timbuktu
1060,Babita,Roche,Babita.Roche@gmail.com,doctor,3/18/2022,Monaco,St. John's
1061,Lucy,Clarissa,Lucy.Clarissa@gmail.com,developer,5/27/2022,Lithuania,Apia
1062,Rori,Ranjiv,Rori.Ranjiv@gmail.com,police officer,3/4/2021,"Virgin Islands, U.S.",Bissau
1063,Carol-Jean,Ariella,Carol-Jean.Ariella@gmail.com,firefighter,4/6/2020,Wallis and Futuna,Mérida
1064,Mildrid,Lareena,Mildrid.Lareena@gmail.com,doctor,12/4/2020,Greece,Iquitos
1065,Cherrita,Morrill,Cherrita.Morrill@gmail.com,police officer,5/1/2020,Bahamas,Jinan
1066,Almeta,Hollingsworth,Almeta.Hollingsworth@gmail.com,developer,3/30/2022,Croatia,Porto Velho
1067,Sybille,Alarise,Sybille.Alarise@gmail.com,developer,1/20/2021,"Lao People""S Democratic Republic",Moroni
1068,Lorie,Thar,Lorie.Thar@gmail.com,doctor,1/21/2020,Saint Vincent and the Grenadines,Adana
1069,Halette,Aida,Halette.Aida@gmail.com,doctor,3/29/2021,Switzerland,Bratislava
1070,Ada,Jorgan,Ada.Jorgan@gmail.com,firefighter,10/29/2021,Austria,Ho Chi Minh City
1071,Kristina,Trinetta,Kristina.Trinetta@gmail.com,developer,3/24/2021,France,Arequipa
1072,Elmira,Norvol,Elmira.Norvol@gmail.com,developer,1/22/2020,Bahrain,Xining
1073,Lyssa,Harl,Lyssa.Harl@gmail.com,police officer,3/20/2021,Spain,El Paso
1074,Rayna,Atcliffe,Rayna.Atcliffe@gmail.com,police officer,12/21/2021,Chad,Cairo
1075,Adele,Avi,Adele.Avi@gmail.com,firefighter,4/15/2022,Burundi,Port Said
1076,Shandie,Fax,Shandie.Fax@gmail.com,firefighter,1/7/2022,Croatia,São Paulo
1077,Hallie,Zina,Hallie.Zina@gmail.com,worker,5/21/2021,Niger,San Salvador
1078,Rosabelle,Kirbee,Rosabelle.Kirbee@gmail.com,firefighter,4/10/2022,Saudi Arabia,Guatemala City
1079,Tina,Sacken,Tina.Sacken@gmail.com,worker,1/1/2022,French Guiana,Sarajevo
1080,Anestassia,Avi,Anestassia.Avi@gmail.com,police officer,7/23/2021,Togo,Pittsburgh
1081,Kimberley,Philipp,Kimberley.Philipp@gmail.com,developer,12/29/2021,Barbados,Saint-Pierre
1082,Kristina,Anyah,Kristina.Anyah@gmail.com,developer,8/2/2021,Falkland Islands (Malvinas),Mamoudzou
1083,Correy,Trace,Correy.Trace@gmail.com,police officer,2/27/2020,Israel,Bern
1084,Marcelline,Stefa,Marcelline.Stefa@gmail.com,developer,3/1/2021,Austria,Manila
1085,Carmela,Maroney,Carmela.Maroney@gmail.com,firefighter,7/21/2021,Mozambique,Gibraltar
1086,Dania,Kat,Dania.Kat@gmail.com,firefighter,12/21/2020,American Samoa,Anchorage
1087,Tobe,Lucienne,Tobe.Lucienne@gmail.com,developer,5/26/2021,Anguilla,Innsbruck
1088,Catrina,Bluh,Catrina.Bluh@gmail.com,worker,4/6/2020,South Africa,Lomé
1089,Kial,Gladstone,Kial.Gladstone@gmail.com,worker,5/8/2022,Denmark,Rabat
1090,Clementine,Ardeha,Clementine.Ardeha@gmail.com,developer,10/8/2020,South Africa,Hanga Roa
1091,Amalie,Byrne,Amalie.Byrne@gmail.com,doctor,1/31/2020,Ethiopia,Kingston
1092,Nikki,Faust,Nikki.Faust@gmail.com,firefighter,4/17/2022,Zimbabwe,Nanjing
1093,Tami,Merat,Tami.Merat@gmail.com,worker,3/8/2020,"Cote D""Ivoire",Sabha
1094,Latisha,Sigfrid,Latisha.Sigfrid@gmail.com,worker,12/10/2021,"Korea, Republic of",Beijing
1095,Shel,Morgun,Shel.Morgun@gmail.com,police officer,2/21/2022,Nigeria,Ciudad del Este
1096,Korrie,Chrystel,Korrie.Chrystel@gmail.com,worker,2/19/2020,"Taiwan, Province of China",Srinagar
1097,Moyna,Sidonius,Moyna.Sidonius@gmail.com,worker,4/25/2022,Panama,Brazzaville
1098,Wendi,Tillford,Wendi.Tillford@gmail.com,worker,8/18/2021,Falkland Islands (Malvinas),Istanbul
1099,Feliza,Cloris,Feliza.Cloris@gmail.com,firefighter,5/8/2020,New Zealand,Cork (city)
